{"mean": {"back": {"10": 0.07652382850646973, "20": 0.1274150252342224, "30": 0.2296970844268799, "40": 0.324770450592041, "50": 0.41229705810546874}, "belly": {"10": 0.037224803251378676, "20": 0.0956536236931296, "30": 0.15243285684024585, "40": 0.1333346310783835, "50": 0.27085959490607764}, "breast": {"10": 0.026040412067027573, "20": 0.08825430709324526, "30": 0.17388255944412745, "40": 0.24958286928326895, "50": 0.2997820350561249}, "crown": {"10": 0.027012240396787044, "20": 0.09647102225316714, "30": 0.14654047195225545, "40": 0.2694095454803885, "50": 0.2161405380458048}, "forehead": {"10": 0.025020397626436673, "20": 0.07242622130956405, "30": 0.12655532054412058, "40": 0.15293235045212966, "50": 0.25995684892703325}, "nape": {"10": 0.02156512051412504, "20": 0.06873011915651087, "30": 0.15295527732535585, "40": 0.26066955148357235, "50": 0.19957166175319724}, "tail": {"10": 0.07411952640699304, "20": 0.16333018178525177, "30": 0.3310174320055091, "40": 0.4314680928769319, "50": 0.48918019170346466}, "throat": {"10": 0.052245927893597145, "20": 0.0770276249318883, "30": 0.06861384709676106, "40": 0.21482832535453464, "50": 0.3246545100557631}}, "std": {"back": {"10": 0.17002727091312408, "20": 0.24203595519065857, "30": 0.3144775629043579, "40": 0.3904362916946411, "50": 0.3729378581047058}, "belly": {"10": 0.1342822015285492, "20": 0.18629632890224457, "30": 0.26273271441459656, "40": 0.26941943168640137, "50": 0.35790368914604187}, "breast": {"10": 0.06952284276485443, "20": 0.1831703633069992, "30": 0.2899817228317261, "40": 0.33843183517456055, "50": 0.3721073269844055}, "crown": {"10": 0.09507305175065994, "20": 0.20272070169448853, "30": 0.2553214430809021, "40": 0.3640913963317871, "50": 0.330797404050827}, "forehead": {"10": 0.050640352070331573, "20": 0.1560557782649994, "30": 0.23690591752529144, "40": 0.28011077642440796, "50": 0.37853705883026123}, "nape": {"10": 0.04271603003144264, "20": 0.137638658285141, "30": 0.24693377315998077, "40": 0.37409090995788574, "50": 0.32514941692352295}, "tail": {"10": 0.16270992159843445, "20": 0.25106358528137207, "30": 0.3778340518474579, "40": 0.39721235632896423, "50": 0.4036814868450165}, "throat": {"10": 0.16725410521030426, "20": 0.19258949160575867, "30": 0.16115669906139374, "40": 0.3304775357246399, "50": 0.41379281878471375}}}