{"part_mask": {"back": {"back": [0.009378908202052116, 0.04174121096730232], "belly": [0.013308004476130009, 0.049692463129758835], "breast": [0.008886845782399178, 0.03895876556634903], "crown": [0.005383170675486326, 0.029887257143855095], "forehead": [0.00600990979000926, 0.03215779736638069], "nape": [0.007102255709469318, 0.035575538873672485], "tail": [0.004301508888602257, 0.024999964982271194], "throat": [0.01106795109808445, 0.045576661825180054]}, "belly": {"back": [0.007241180166602135, 0.03603279963135719], "belly": [0.011154660023748875, 0.044774413108825684], "breast": [0.010988929308950901, 0.04373343661427498], "crown": [0.009094620123505592, 0.04008708521723747], "forehead": [0.005153788719326258, 0.02846684679389], "nape": [0.006358105223625898, 0.03373480588197708], "tail": [0.0021397557575255632, 0.015971962362527847], "throat": [0.008705812506377697, 0.03944098576903343]}, "breast": {"back": [0.011005770415067673, 0.04394014924764633], "belly": [0.011704016476869583, 0.04454495385289192], "breast": [0.010505836457014084, 0.042381081730127335], "crown": [0.00522159319370985, 0.027035612612962723], "forehead": [0.005587339401245117, 0.029489176347851753], "nape": [0.005640780553221703, 0.029675636440515518], "tail": [0.004169600084424019, 0.025001196190714836], "throat": [0.006651210132986307, 0.03371588885784149]}, "crown": {"back": [0.005671074613928795, 0.02911992184817791], "belly": [0.006740055046975613, 0.03438838571310043], "breast": [0.006838043686002493, 0.033299874514341354], "crown": [0.004195830784738064, 0.023182792589068413], "forehead": [0.004799853079020977, 0.027112893760204315], "nape": [0.005664452910423279, 0.030456017702817917], "tail": [0.002163434401154518, 0.015589705668389797], "throat": [0.0075470199808478355, 0.03380715474486351]}, "forehead": {"back": [0.004332686774432659, 0.027204157784581184], "belly": [0.005627466831356287, 0.03146359324455261], "breast": [0.00922634918242693, 0.04041149094700813], "crown": [0.007296137977391481, 0.03428971394896507], "forehead": [0.005136416293680668, 0.029605966061353683], "nape": [0.005639215931296349, 0.030486762523651123], "tail": [0.00368058611638844, 0.022163068875670433], "throat": [0.004392165224999189, 0.026652971282601357]}, "nape": {"back": [0.008181052282452583, 0.038114033639431], "belly": [0.011052061803638935, 0.04383724182844162], "breast": [0.006658630445599556, 0.03404436632990837], "crown": [0.004892465192824602, 0.028100140392780304], "forehead": [0.007269789464771748, 0.03370543569326401], "nape": [0.00499003566801548, 0.028587976470589638], "tail": [0.0036874469369649887, 0.022879811003804207], "throat": [0.008291824720799923, 0.03697070851922035]}, "tail": {"back": [0.008472677320241928, 0.03826097026467323], "belly": [0.013586526736617088, 0.048050206154584885], "breast": [0.009624794125556946, 0.03997010737657547], "crown": [0.008937106467783451, 0.03795970231294632], "forehead": [0.005671072285622358, 0.02884555608034134], "nape": [0.0066900551319122314, 0.031587865203619], "tail": [0.006714254152029753, 0.032979533076286316], "throat": [0.010321445763111115, 0.042094551026821136]}, "throat": {"back": [0.009909619577229023, 0.04302036389708519], "belly": [0.00845180731266737, 0.040572311729192734], "breast": [0.007129741366952658, 0.035877492278814316], "crown": [0.003988484852015972, 0.025050530210137367], "forehead": [0.00646072207018733, 0.03278074786067009], "nape": [0.00505819683894515, 0.0311751626431942], "tail": [0.003719061380252242, 0.02440549246966839], "throat": [0.009581235237419605, 0.0408959686756134]}}, "parameters": {"seed": 42, "epsilon": 0.3, "parts": ["back", "beak", "belly", "breast", "crown", "forehead", "left eye", "left leg", "left wing", "nape", "right eye", "right leg", "right wing", "tail", "throat"], "images_per_mask": 100, "dataset": "CUB", "train_variation": "none"}, "train_acc": 0.8938698915763136, "val_acc": 0.6702838063439065, "test_acc": 0.6719019675526406}