{"part_mask": {"back": {"back": [0.06887676566839218, 0.06629598140716553], "belly": [0.0664437934756279, 0.06373465061187744], "breast": [0.04388178884983063, 0.04711319878697395], "crown": [0.04178261756896973, 0.04448074474930763], "tail": [0.03160299360752106, 0.03372067213058472], "throat": [0.05560223013162613, 0.056197553873062134]}, "belly": {"back": [0.06617383658885956, 0.06205631420016289], "belly": [0.06739619374275208, 0.06420335918664932], "breast": [0.05049826577305794, 0.05007000267505646], "crown": [0.05204620212316513, 0.05280222371220589], "tail": [0.03469907119870186, 0.03977492079138756], "throat": [0.05528014153242111, 0.05808784440159798]}, "breast": {"back": [0.05994134396314621, 0.05310529097914696], "belly": [0.06255832314491272, 0.056863926351070404], "breast": [0.04677010700106621, 0.04934125393629074], "crown": [0.04128456860780716, 0.04239990934729576], "tail": [0.03266649320721626, 0.03526918217539787], "throat": [0.049278147518634796, 0.051002684980630875]}, "crown": {"back": [0.06593292206525803, 0.06253280490636826], "belly": [0.07294335961341858, 0.05960197001695633], "breast": [0.047853730618953705, 0.045421052724123], "crown": [0.04766685515642166, 0.04339901730418205], "tail": [0.028598438948392868, 0.02883228100836277], "throat": [0.057046063244342804, 0.0586923249065876]}, "tail": {"back": [0.06584949791431427, 0.05975208058953285], "belly": [0.0617067925632, 0.05621720850467682], "breast": [0.045890893787145615, 0.04184609651565552], "crown": [0.04613136872649193, 0.04946426674723625], "tail": [0.03544238954782486, 0.04140213504433632], "throat": [0.053335703909397125, 0.05221574380993843]}, "throat": {"back": [0.06402410566806793, 0.06076692417263985], "belly": [0.05433441326022148, 0.048572562634944916], "breast": [0.051998864859342575, 0.05193910375237465], "crown": [0.04414249584078789, 0.04636498913168907], "tail": [0.03577951714396477, 0.041040848940610886], "throat": [0.05627283453941345, 0.059205129742622375]}}, "parameters": {"seed": 43, "epsilon": 0.3, "parts": ["back", "beak", "belly", "breast", "crown", "forehead", "left eye", "left leg", "left wing", "nape", "right eye", "right leg", "right wing", "tail", "throat"], "images_per_mask": 100, "dataset": "CUB", "train_variation": "label-free"}}