{"mean": {"back": {"10": 0.060518157482147214, "20": 0.20529866218566895, "30": 0.28952324390411377, "40": 0.3613849401473999, "50": 0.3970697641372681}, "belly": {"10": 0.03159258505877326, "20": 0.08278342415304744, "30": 0.13874741722555722, "40": 0.19305188796099496, "50": 0.2232022902544807}, "breast": {"10": 0.03368549668387081, "20": 0.13193273008539436, "30": 0.1972978999105732, "40": 0.1815654668915138, "50": 0.2391951700274864}, "crown": {"10": 0.02118632238205165, "20": 0.0503849983215332, "30": 0.08941912977662805, "40": 0.15519907703138378, "50": 0.21599426008250616}, "forehead": {"10": 0.022349658684852797, "20": 0.03767991982973539, "30": 0.051736672719319664, "40": 0.0710457593966753, "50": 0.11259324734027569}, "nape": {"10": 0.022138709891332337, "20": 0.11523073013514688, "30": 0.17459517962312046, "40": 0.23460518823911067, "50": 0.2703850889859134}, "tail": {"10": 0.06255340576171875, "20": 0.171208785927814, "30": 0.3069173356761103, "40": 0.4045112029365871, "50": 0.4956985556561014}, "throat": {"10": 0.028115977411684784, "20": 0.03850864327472189, "30": 0.06230856024700662, "40": 0.0689150699670764, "50": 0.07521856694981671}}, "std": {"back": {"10": 0.126557856798172, "20": 0.3034410774707794, "30": 0.3341576159000397, "40": 0.3952937126159668, "50": 0.40391573309898376}, "belly": {"10": 0.06121986359357834, "20": 0.1757829338312149, "30": 0.23818548023700714, "40": 0.2976236939430237, "50": 0.32207369804382324}, "breast": {"10": 0.10013887286186218, "20": 0.2188488245010376, "30": 0.28876498341560364, "40": 0.2907083034515381, "50": 0.30961111187934875}, "crown": {"10": 0.051482778042554855, "20": 0.10837313532829285, "30": 0.18605323135852814, "40": 0.2922389805316925, "50": 0.3461971580982208}, "forehead": {"10": 0.05207376554608345, "20": 0.08265814185142517, "30": 0.11553249508142471, "40": 0.14876841008663177, "50": 0.199280247092247}, "nape": {"10": 0.03450965881347656, "20": 0.19346505403518677, "30": 0.23850342631340027, "40": 0.28172025084495544, "50": 0.3262147605419159}, "tail": {"10": 0.14483584463596344, "20": 0.2591169476509094, "30": 0.33936819434165955, "40": 0.368848592042923, "50": 0.4076741933822632}, "throat": {"10": 0.0743330642580986, "20": 0.11238018423318863, "30": 0.14152982831001282, "40": 0.15694937109947205, "50": 0.1655842810869217}}}