{"mean": {"back": {"10": 0.02487272396683693, "20": 0.1295127421617508, "30": 0.23262038826942444, "40": 0.32306841015815735, "50": 0.2999100685119629}, "belly": {"10": 0.023322073742747307, "20": 0.06914860755205154, "30": 0.1202971488237381, "40": 0.14968152344226837, "50": 0.19335535168647766}, "breast": {"10": 0.027343131601810455, "20": 0.11048532277345657, "30": 0.15938062965869904, "40": 0.1750742644071579, "50": 0.21357232332229614}, "crown": {"10": 0.0173247791826725, "20": 0.050628453493118286, "30": 0.09434764087200165, "40": 0.13018040359020233, "50": 0.18121841549873352}, "forehead": {"10": 0.016168292611837387, "20": 0.026999110355973244, "30": 0.03675782307982445, "40": 0.04518130049109459, "50": 0.06873343884944916}, "nape": {"10": 0.01744651049375534, "20": 0.07926271110773087, "30": 0.1537863314151764, "40": 0.1971745640039444, "50": 0.22009679675102234}, "tail": {"10": 0.03682395815849304, "20": 0.12004394829273224, "30": 0.25357216596603394, "40": 0.3608136475086212, "50": 0.436013400554657}, "throat": {"10": 0.02299138903617859, "20": 0.03420612961053848, "30": 0.06096113473176956, "40": 0.06655173003673553, "50": 0.07460535317659378}}, "std": {"back": {"10": 0.04485584422945976, "20": 0.19434216618537903, "30": 0.30048316717147827, "40": 0.3718983829021454, "50": 0.34575793147087097}, "belly": {"10": 0.040369272232055664, "20": 0.14350254833698273, "30": 0.1954319179058075, "40": 0.25092896819114685, "50": 0.2956044673919678}, "breast": {"10": 0.07658802717924118, "20": 0.19183263182640076, "30": 0.25465524196624756, "40": 0.27394023537635803, "50": 0.30020835995674133}, "crown": {"10": 0.0358378142118454, "20": 0.11778784543275833, "30": 0.19878196716308594, "40": 0.2606612741947174, "50": 0.3006789982318878}, "forehead": {"10": 0.03173575550317764, "20": 0.05909630283713341, "30": 0.07873264700174332, "40": 0.11147914826869965, "50": 0.15203289687633514}, "nape": {"10": 0.025982487946748734, "20": 0.1331898719072342, "30": 0.20460101962089539, "40": 0.24737945199012756, "50": 0.28738006949424744}, "tail": {"10": 0.0935172364115715, "20": 0.18747186660766602, "30": 0.30262666940689087, "40": 0.3710147738456726, "50": 0.39780858159065247}, "throat": {"10": 0.05097997933626175, "20": 0.06790982931852341, "30": 0.135006844997406, "40": 0.12825314700603485, "50": 0.14238740503787994}}}