{"part_mask": {"back": {"back": [0.09054070711135864, 0.12101688235998154], "belly": [0.08569830656051636, 0.11703024059534073], "breast": [0.09042877703905106, 0.1262667030096054], "crown": [0.09368231892585754, 0.1258818656206131], "forehead": [0.0999564602971077, 0.13437113165855408], "nape": [0.08892545849084854, 0.12283918261528015], "tail": [0.03921093791723251, 0.07073323428630829], "throat": [0.11492979526519775, 0.14876918494701385]}, "belly": {"back": [0.07211866229772568, 0.13839520514011383], "belly": [0.06687089055776596, 0.13016019761562347], "breast": [0.08618845045566559, 0.1647609919309616], "crown": [0.058500006794929504, 0.10873787105083466], "forehead": [0.05460503697395325, 0.10009998828172684], "nape": [0.08231667429208755, 0.1579088717699051], "tail": [0.030239639803767204, 0.05936867743730545], "throat": [0.10010615736246109, 0.18011654913425446]}, "breast": {"back": [0.05771883949637413, 0.09422812610864639], "belly": [0.07112537324428558, 0.11431490629911423], "breast": [0.07738891243934631, 0.13716264069080353], "crown": [0.06539039313793182, 0.10419344156980515], "forehead": [0.06258516013622284, 0.09433164447546005], "nape": [0.0799684152007103, 0.1283886879682541], "tail": [0.03140859305858612, 0.051539044827222824], "throat": [0.07094237208366394, 0.11362244933843613]}, "crown": {"back": [0.10479700565338135, 0.09905772656202316], "belly": [0.09392686933279037, 0.09784631431102753], "breast": [0.11435306817293167, 0.11017679423093796], "crown": [0.11491832882165909, 0.11107822507619858], "forehead": [0.10255452245473862, 0.09590534120798111], "nape": [0.10826253145933151, 0.1019328236579895], "tail": [0.05332963168621063, 0.059106141328811646], "throat": [0.12179318815469742, 0.11612517386674881]}, "forehead": {"back": [0.06100442260503769, 0.09785973280668259], "belly": [0.05902130901813507, 0.09600131958723068], "breast": [0.06272142380475998, 0.10434714704751968], "crown": [0.06077393889427185, 0.09602315723896027], "forehead": [0.06816235929727554, 0.11517739295959473], "nape": [0.06510316580533981, 0.10875442624092102], "tail": [0.031227957457304, 0.0551665797829628], "throat": [0.06551749259233475, 0.1025182232260704]}, "nape": {"back": [0.06530311703681946, 0.0996595025062561], "belly": [0.062242839485406876, 0.1008526086807251], "breast": [0.07075022161006927, 0.11075949668884277], "crown": [0.07041885703802109, 0.10984677076339722], "forehead": [0.06688357144594193, 0.10450601577758789], "nape": [0.07555531710386276, 0.12039238214492798], "tail": [0.032488759607076645, 0.06543093174695969], "throat": [0.08969203382730484, 0.13927637040615082]}, "tail": {"back": [0.09392790496349335, 0.1254408359527588], "belly": [0.07998128980398178, 0.11494239419698715], "breast": [0.09681831300258636, 0.13527634739875793], "crown": [0.08429431170225143, 0.12353862076997757], "forehead": [0.10151258111000061, 0.1401030570268631], "nape": [0.11215650290250778, 0.14972949028015137], "tail": [0.04903014004230499, 0.07506206631660461], "throat": [0.09509878605604172, 0.1309952437877655]}, "throat": {"back": [0.059322159737348557, 0.1538253277540207], "belly": [0.04947240278124809, 0.12870074808597565], "breast": [0.06676560640335083, 0.16511838138103485], "crown": [0.05621706321835518, 0.14374403655529022], "forehead": [0.052274297922849655, 0.12892070412635803], "nape": [0.05974694713950157, 0.1446695178747177], "tail": [0.02574327029287815, 0.07665442675352097], "throat": [0.062090914696455, 0.14470380544662476]}}, "parameters": {"seed": 44, "epsilon": 0.3, "parts": ["back", "beak", "belly", "breast", "crown", "forehead", "left eye", "left leg", "left wing", "nape", "right eye", "right leg", "right wing", "tail", "throat"], "images_per_mask": 100, "dataset": "CUB", "train_variation": "loss"}, "train_acc": 0.42035029190992496, "val_acc": 0.17612687813021702, "test_acc": 0.227131515360718}