{"part_mask": {"back": {"back": [0.10884742438793182, 0.15051178634166718], "belly": [0.10457196831703186, 0.14536036550998688], "breast": [0.1116868108510971, 0.14789257943630219], "crown": [0.10511501878499985, 0.14209416508674622], "forehead": [0.10400591045618057, 0.14575861394405365], "nape": [0.12658533453941345, 0.16573068499565125], "tail": [0.042339351028203964, 0.0713697001338005], "throat": [0.14212395250797272, 0.18834160268306732]}, "belly": {"back": [0.09879385679960251, 0.14672279357910156], "belly": [0.10829982161521912, 0.14903496205806732], "breast": [0.1350468397140503, 0.1852760761976242], "crown": [0.09144698828458786, 0.1169254332780838], "forehead": [0.1134055033326149, 0.16683846712112427], "nape": [0.11368812620639801, 0.1510857343673706], "tail": [0.05693461745977402, 0.09841934591531754], "throat": [0.12935511767864227, 0.16432785987854004]}, "breast": {"back": [0.08917414397001266, 0.1376953125], "belly": [0.10496583580970764, 0.1506483256816864], "breast": [0.1371254026889801, 0.18445436656475067], "crown": [0.10791624337434769, 0.15095368027687073], "forehead": [0.10331131517887115, 0.1428454965353012], "nape": [0.1177828386425972, 0.16006487607955933], "tail": [0.04518682137131691, 0.0902443528175354], "throat": [0.12829715013504028, 0.17200569808483124]}, "crown": {"back": [0.1066126823425293, 0.15537838637828827], "belly": [0.08780799806118011, 0.1323336511850357], "breast": [0.11133863031864166, 0.15541017055511475], "crown": [0.10652989894151688, 0.14833296835422516], "forehead": [0.09104909002780914, 0.13429804146289825], "nape": [0.12372305244207382, 0.16645658016204834], "tail": [0.03714369982481003, 0.06494557112455368], "throat": [0.14275215566158295, 0.1858566850423813]}, "forehead": {"back": [0.09642232209444046, 0.126651793718338], "belly": [0.09703512489795685, 0.1338679939508438], "breast": [0.11033552885055542, 0.14742489159107208], "crown": [0.11063098907470703, 0.1538521945476532], "forehead": [0.11089855432510376, 0.15573441982269287], "nape": [0.1226644366979599, 0.1730407476425171], "tail": [0.044591404497623444, 0.07202623039484024], "throat": [0.11909313499927521, 0.1573619246482849]}, "nape": {"back": [0.10001028329133987, 0.14134816825389862], "belly": [0.0912976861000061, 0.12967243790626526], "breast": [0.11488769203424454, 0.14788571000099182], "crown": [0.11378470063209534, 0.1506834328174591], "forehead": [0.11806138604879379, 0.158008873462677], "nape": [0.1262037456035614, 0.16769219934940338], "tail": [0.04391729086637497, 0.08392568677663803], "throat": [0.1268773227930069, 0.15631619095802307]}, "tail": {"back": [0.11057493835687637, 0.15574264526367188], "belly": [0.12135884165763855, 0.1563177853822708], "breast": [0.1429659128189087, 0.17244824767112732], "crown": [0.13154014945030212, 0.1601695567369461], "forehead": [0.12678730487823486, 0.1601993441581726], "nape": [0.15143221616744995, 0.18292555212974548], "tail": [0.05516482889652252, 0.08796946704387665], "throat": [0.1503668874502182, 0.1818472146987915]}, "throat": {"back": [0.0948885902762413, 0.1460982710123062], "belly": [0.09801153093576431, 0.13705646991729736], "breast": [0.11594567447900772, 0.16503474116325378], "crown": [0.10543984919786453, 0.13253362476825714], "forehead": [0.10727986693382263, 0.14516609907150269], "nape": [0.12225266546010971, 0.15828748047351837], "tail": [0.037013500928878784, 0.06574374437332153], "throat": [0.1398164927959442, 0.17971979081630707]}}, "parameters": {"seed": 42, "epsilon": 0.3, "parts": ["back", "beak", "belly", "breast", "crown", "forehead", "left eye", "left leg", "left wing", "nape", "right eye", "right leg", "right wing", "tail", "throat"], "images_per_mask": 100, "dataset": "CUB", "train_variation": "none"}, "train_acc": 1.0, "val_acc": 0.6535893155258765, "test_acc": 0.6731101139109423}