{"mean": {"back": {"10": 0.05718001127243042, "20": 0.1779354214668274, "30": 0.26734485626220705, "40": 0.3520949363708496, "50": 0.38321685791015625}, "belly": {"10": 0.04298720359802246, "20": 0.10153319414924172, "30": 0.15977981791776769, "40": 0.19229354858398437, "50": 0.2182583079618566}, "breast": {"10": 0.03686150540126843, "20": 0.14216523759820487, "30": 0.20501934008651904, "40": 0.20452075058154845, "50": 0.26815392997827425}, "crown": {"10": 0.026579507409709775, "20": 0.07333914874351188, "30": 0.11962109395902451, "40": 0.17662133256050006, "50": 0.24762441034186378}, "forehead": {"10": 0.02548841941050994, "20": 0.04854965821290628, "30": 0.06594628554124099, "40": 0.07203000019758175, "50": 0.10945962025569035}, "nape": {"10": 0.03219113284594392, "20": 0.11816841282256663, "30": 0.20326482433162324, "40": 0.25326982263016373, "50": 0.2968626675540454}, "tail": {"10": 0.07604969066122304, "20": 0.217742919921875, "30": 0.3463693909023119, "40": 0.4803329550701639, "50": 0.5425728507663893}, "throat": {"10": 0.025158312009728474, "20": 0.042276337526846626, "30": 0.06007376270017762, "40": 0.06382454305455304, "50": 0.07769847261732903}}, "std": {"back": {"10": 0.12936528027057648, "20": 0.23686696588993073, "30": 0.3158252239227295, "40": 0.3719930648803711, "50": 0.39020010828971863}, "belly": {"10": 0.08983254432678223, "20": 0.19807305932044983, "30": 0.253338485956192, "40": 0.2993984818458557, "50": 0.31289246678352356}, "breast": {"10": 0.09776788204908371, "20": 0.23548561334609985, "30": 0.29859817028045654, "40": 0.2967635691165924, "50": 0.33445924520492554}, "crown": {"10": 0.04668211564421654, "20": 0.14266380667686462, "30": 0.19507122039794922, "40": 0.29035472869873047, "50": 0.3582332730293274}, "forehead": {"10": 0.05745703727006912, "20": 0.10334180295467377, "30": 0.13766807317733765, "40": 0.16121362149715424, "50": 0.21185939013957977}, "nape": {"10": 0.055973004549741745, "20": 0.18577973544597626, "30": 0.2598765194416046, "40": 0.2911456525325775, "50": 0.33386462926864624}, "tail": {"10": 0.16637855768203735, "20": 0.31405359506607056, "30": 0.36594659090042114, "40": 0.39541441202163696, "50": 0.3980552554130554}, "throat": {"10": 0.06735852360725403, "20": 0.09684471786022186, "30": 0.14900897443294525, "40": 0.16150863468647003, "50": 0.18425191938877106}}}