{"part_mask": {"back": {"back": [0.06976363807916641, 0.06365139037370682], "belly": [0.0619700662791729, 0.054159168154001236], "breast": [0.04536035284399986, 0.04831937700510025], "crown": [0.05165346711874008, 0.05619053542613983], "tail": [0.03450153395533562, 0.03400852903723717], "throat": [0.05176043510437012, 0.052824705839157104]}, "belly": {"back": [0.08138012140989304, 0.07596953958272934], "belly": [0.06505782157182693, 0.06242334097623825], "breast": [0.05732153728604317, 0.0523211807012558], "crown": [0.04701879248023033, 0.054703764617443085], "tail": [0.031503837555646896, 0.03546813130378723], "throat": [0.06329876184463501, 0.06363993883132935]}, "breast": {"back": [0.06331197917461395, 0.057248182594776154], "belly": [0.06280569732189178, 0.06130481883883476], "breast": [0.04527735337615013, 0.04622694477438927], "crown": [0.04736734926700592, 0.04722067341208458], "tail": [0.03337175399065018, 0.035755883902311325], "throat": [0.057229578495025635, 0.05901605635881424]}, "crown": {"back": [0.0717121809720993, 0.07014212757349014], "belly": [0.06119726225733757, 0.052944716066122055], "breast": [0.05485112965106964, 0.05653812736272812], "crown": [0.037452153861522675, 0.036737941205501556], "tail": [0.03239333629608154, 0.03477073460817337], "throat": [0.049381453543901443, 0.0471314862370491]}, "tail": {"back": [0.0646829605102539, 0.06257670372724533], "belly": [0.059872131794691086, 0.057405341416597366], "breast": [0.04746638610959053, 0.046696737408638], "crown": [0.0433163046836853, 0.04356195405125618], "tail": [0.0355379544198513, 0.03576308488845825], "throat": [0.05678236857056618, 0.06092497706413269]}, "throat": {"back": [0.06452525407075882, 0.05850111320614815], "belly": [0.06429991126060486, 0.06121539697051048], "breast": [0.04915723577141762, 0.049580998718738556], "crown": [0.04047078639268875, 0.04428889602422714], "tail": [0.03330978378653526, 0.03442428261041641], "throat": [0.05515361577272415, 0.06115437671542168]}}, "parameters": {"seed": 42, "epsilon": 0.3, "parts": ["back", "beak", "belly", "breast", "crown", "forehead", "left eye", "left leg", "left wing", "nape", "right eye", "right leg", "right wing", "tail", "throat"], "images_per_mask": 100, "dataset": "CUB", "train_variation": "label-free"}}