{"part_mask": {"back": {"back": [0.03612904995679855, 0.04547325149178505], "belly": [0.04066920652985573, 0.04938384145498276], "breast": [0.03192123770713806, 0.042063694447278976], "crown": [0.032933980226516724, 0.041496533900499344], "forehead": [0.034061841666698456, 0.04590975493192673], "nape": [0.028779132291674614, 0.036354538053274155], "tail": [0.02821904979646206, 0.03776516392827034], "throat": [0.028479456901550293, 0.03541736304759979]}, "belly": {"back": [0.03700144588947296, 0.044865794479846954], "belly": [0.04584053158760071, 0.04968539997935295], "breast": [0.033791109919548035, 0.0403718501329422], "crown": [0.03287194296717644, 0.040046483278274536], "forehead": [0.0360247865319252, 0.044631436467170715], "nape": [0.029760118573904037, 0.037539850920438766], "tail": [0.03220796212553978, 0.03827497735619545], "throat": [0.03339073061943054, 0.03996381163597107]}, "breast": {"back": [0.038274917751550674, 0.04921722039580345], "belly": [0.044508300721645355, 0.055509068071842194], "breast": [0.0334136001765728, 0.045605435967445374], "crown": [0.03456851467490196, 0.04371411353349686], "forehead": [0.03854972869157791, 0.04672328755259514], "nape": [0.027657821774482727, 0.035707585513591766], "tail": [0.03582102432847023, 0.045916587114334106], "throat": [0.032618965953588486, 0.043139901012182236]}, "crown": {"back": [0.033302199095487595, 0.04748731851577759], "belly": [0.03654482588171959, 0.05162644758820534], "breast": [0.025635872036218643, 0.03940283879637718], "crown": [0.028178390115499496, 0.04015681520104408], "forehead": [0.03326144069433212, 0.045078881084918976], "nape": [0.025812989100813866, 0.03764202818274498], "tail": [0.030442845076322556, 0.042612526565790176], "throat": [0.030626539140939713, 0.04506053403019905]}, "forehead": {"back": [0.03871253877878189, 0.05100684612989426], "belly": [0.038479436188936234, 0.04970310628414154], "breast": [0.027039846405386925, 0.036877769976854324], "crown": [0.03303339332342148, 0.04368213564157486], "forehead": [0.0332501158118248, 0.04325062781572342], "nape": [0.02755448967218399, 0.037665508687496185], "tail": [0.029407819733023643, 0.037866923958063126], "throat": [0.032812584191560745, 0.04555646702647209]}, "nape": {"back": [0.033797696232795715, 0.04021328315138817], "belly": [0.03441109508275986, 0.04199347645044327], "breast": [0.029087886214256287, 0.035284239798784256], "crown": [0.028238551691174507, 0.03166894242167473], "forehead": [0.030290968716144562, 0.03577122092247009], "nape": [0.02635936439037323, 0.0325603187084198], "tail": [0.029239507392048836, 0.03395017981529236], "throat": [0.02773248963057995, 0.033964853733778]}, "tail": {"back": [0.04121456295251846, 0.0543346144258976], "belly": [0.049079861491918564, 0.05976736918091774], "breast": [0.03595241531729698, 0.04338918998837471], "crown": [0.03653018921613693, 0.0460125096142292], "forehead": [0.03431060165166855, 0.04368598386645317], "nape": [0.030301706865429878, 0.03884158656001091], "tail": [0.03319448605179787, 0.04105958715081215], "throat": [0.03398360684514046, 0.0436856783926487]}, "throat": {"back": [0.027336779981851578, 0.039185188710689545], "belly": [0.02726423181593418, 0.04065953567624092], "breast": [0.03039403073489666, 0.043063197284936905], "crown": [0.027396705001592636, 0.03914574533700943], "forehead": [0.028210971504449844, 0.040114156901836395], "nape": [0.019797610118985176, 0.028346803039312363], "tail": [0.025872882455587387, 0.039641980081796646], "throat": [0.0261512640863657, 0.034952737390995026]}}, "parameters": {"seed": 42, "epsilon": 0.3, "parts": ["back", "beak", "belly", "breast", "crown", "forehead", "left eye", "left leg", "left wing", "nape", "right eye", "right leg", "right wing", "tail", "throat"], "images_per_mask": 100, "dataset": "CUB", "train_variation": "none"}, "train_acc": 0.9597581317764804, "val_acc": 0.67779632721202, "test_acc": 0.6672419744563342}