{"part_mask": {"back": {"back": [0.03891371935606003, 0.047411415725946426], "belly": [0.04336604103446007, 0.05242467671632767], "breast": [0.031167086213827133, 0.04071532562375069], "crown": [0.034434959292411804, 0.043294988572597504], "forehead": [0.04100463166832924, 0.04877113923430443], "nape": [0.026396118104457855, 0.03502369299530983], "tail": [0.03556223586201668, 0.044588759541511536], "throat": [0.03326641768217087, 0.043375782668590546]}, "belly": {"back": [0.04171683266758919, 0.05012532323598862], "belly": [0.05141405388712883, 0.05947444960474968], "breast": [0.03093319572508335, 0.04055304825305939], "crown": [0.035526979714632034, 0.04106130450963974], "forehead": [0.04102705419063568, 0.04818473011255264], "nape": [0.03416229411959648, 0.043889034539461136], "tail": [0.03294253349304199, 0.03832634538412094], "throat": [0.03570210188627243, 0.046994343400001526]}, "breast": {"back": [0.033026859164237976, 0.039242081344127655], "belly": [0.035819366574287415, 0.04557454586029053], "breast": [0.029176626354455948, 0.037855371832847595], "crown": [0.02803773619234562, 0.03572092205286026], "forehead": [0.03263404965400696, 0.039534758776426315], "nape": [0.023834139108657837, 0.032668549567461014], "tail": [0.029361383989453316, 0.036202363669872284], "throat": [0.033859409391880035, 0.04134729504585266]}, "crown": {"back": [0.040798645466566086, 0.04629281163215637], "belly": [0.05330667644739151, 0.06035863235592842], "breast": [0.0397774763405323, 0.045744769275188446], "crown": [0.036421094089746475, 0.0404202826321125], "forehead": [0.04198627918958664, 0.05315129831433296], "nape": [0.0318567156791687, 0.03990297019481659], "tail": [0.04116620495915413, 0.048979636281728745], "throat": [0.04007361829280853, 0.05086569860577583]}, "forehead": {"back": [0.031539883464574814, 0.04456821456551552], "belly": [0.033244114369153976, 0.045199811458587646], "breast": [0.02516889199614525, 0.036076534539461136], "crown": [0.027013689279556274, 0.03500506281852722], "forehead": [0.026533830910921097, 0.035476624965667725], "nape": [0.023093165829777718, 0.031229659914970398], "tail": [0.03359236195683479, 0.04551835358142853], "throat": [0.025838304311037064, 0.03580429032444954]}, "nape": {"back": [0.04288836941123009, 0.04887821152806282], "belly": [0.054259445518255234, 0.06082254275679588], "breast": [0.03367543965578079, 0.03958125039935112], "crown": [0.0333588682115078, 0.04076741635799408], "forehead": [0.03382495045661926, 0.04106301814317703], "nape": [0.031779348850250244, 0.03905588760972023], "tail": [0.042719364166259766, 0.05026302859187126], "throat": [0.04086841642856598, 0.0475134402513504]}, "tail": {"back": [0.03667129948735237, 0.045837681740522385], "belly": [0.04229692369699478, 0.05305799841880798], "breast": [0.03128182142972946, 0.03994961082935333], "crown": [0.033068377524614334, 0.044293325394392014], "forehead": [0.0338098406791687, 0.042994383722543716], "nape": [0.030281083658337593, 0.040699321776628494], "tail": [0.031602490693330765, 0.03874925896525383], "throat": [0.02963598445057869, 0.03799375891685486]}, "throat": {"back": [0.036896541714668274, 0.04217405244708061], "belly": [0.04109615460038185, 0.045994266867637634], "breast": [0.03096112795174122, 0.03568066284060478], "crown": [0.03412499278783798, 0.043249551206827164], "forehead": [0.03302871435880661, 0.04098758101463318], "nape": [0.030959920957684517, 0.03908823803067207], "tail": [0.03143694996833801, 0.03635208681225777], "throat": [0.03470784053206444, 0.04449387267231941]}}, "parameters": {"seed": 43, "epsilon": 0.3, "parts": ["back", "beak", "belly", "breast", "crown", "forehead", "left eye", "left leg", "left wing", "nape", "right eye", "right leg", "right wing", "tail", "throat"], "images_per_mask": 100, "dataset": "CUB", "train_variation": "none"}, "train_acc": 0.9708090075062552, "val_acc": 0.666110183639399, "test_acc": 0.6858819468415602}