{"part_mask": {"back": {"back": [0.09617192298173904, 0.13172677159309387], "belly": [0.0895850658416748, 0.12191743403673172], "breast": [0.0976286232471466, 0.12687957286834717], "crown": [0.0971490666270256, 0.12960073351860046], "forehead": [0.08987618237733841, 0.11303825676441193], "nape": [0.10312803834676743, 0.13675737380981445], "tail": [0.039822813123464584, 0.060838304460048676], "throat": [0.10263209044933319, 0.13680900633335114]}, "belly": {"back": [0.06839260458946228, 0.13889382779598236], "belly": [0.07313638180494308, 0.14004595577716827], "breast": [0.07130950689315796, 0.13317660987377167], "crown": [0.05091489478945732, 0.09790786355733871], "forehead": [0.057278111577034, 0.11406436562538147], "nape": [0.07028964906930923, 0.13467545807361603], "tail": [0.031061701476573944, 0.07634056359529495], "throat": [0.06933125853538513, 0.1296517699956894]}, "breast": {"back": [0.07328958064317703, 0.13210085034370422], "belly": [0.07301749289035797, 0.12202887237071991], "breast": [0.07547557353973389, 0.13583998382091522], "crown": [0.06419973075389862, 0.10565193742513657], "forehead": [0.06643680483102798, 0.10954644531011581], "nape": [0.0822613388299942, 0.14533011615276337], "tail": [0.03270722180604935, 0.05733484774827957], "throat": [0.087725430727005, 0.14671199023723602]}, "crown": {"back": [0.11135966330766678, 0.1077108159661293], "belly": [0.10421882569789886, 0.10276152193546295], "breast": [0.12088250368833542, 0.11434768885374069], "crown": [0.11698715388774872, 0.10400623083114624], "forehead": [0.11500563472509384, 0.11636654287576675], "nape": [0.14591531455516815, 0.13333752751350403], "tail": [0.05437810346484184, 0.06674733757972717], "throat": [0.1371919959783554, 0.11650674790143967]}, "forehead": {"back": [0.0656149834394455, 0.10638338327407837], "belly": [0.05646253004670143, 0.0912894606590271], "breast": [0.06913769245147705, 0.11325987428426743], "crown": [0.0672948956489563, 0.12112850695848465], "forehead": [0.06743974983692169, 0.10696181654930115], "nape": [0.07093555480241776, 0.11569574475288391], "tail": [0.033238980919122696, 0.0655607357621193], "throat": [0.06861139088869095, 0.1075308620929718]}, "nape": {"back": [0.06922861933708191, 0.11161743104457855], "belly": [0.0542728491127491, 0.08390668034553528], "breast": [0.07621579617261887, 0.11708665639162064], "crown": [0.07100345194339752, 0.10625729709863663], "forehead": [0.0723961740732193, 0.10831689834594727], "nape": [0.07483839243650436, 0.10506685078144073], "tail": [0.036997128278017044, 0.05752314254641533], "throat": [0.0841936245560646, 0.12718401849269867]}, "tail": {"back": [0.09767375141382217, 0.12982767820358276], "belly": [0.0906088799238205, 0.12447496503591537], "breast": [0.1077074185013771, 0.14344441890716553], "crown": [0.09393181651830673, 0.12378241121768951], "forehead": [0.0793573334813118, 0.11067505180835724], "nape": [0.11699827760457993, 0.15432551503181458], "tail": [0.03817293047904968, 0.05917199328541756], "throat": [0.12029582262039185, 0.15289144217967987]}, "throat": {"back": [0.060425445437431335, 0.14680002629756927], "belly": [0.0663038045167923, 0.14904636144638062], "breast": [0.05121750757098198, 0.11839735507965088], "crown": [0.057533927261829376, 0.13271841406822205], "forehead": [0.05365908145904541, 0.1254849135875702], "nape": [0.06518708914518356, 0.14944490790367126], "tail": [0.032068654894828796, 0.07212471961975098], "throat": [0.08178652822971344, 0.18269208073616028]}}, "parameters": {"seed": 43, "epsilon": 0.3, "parts": ["back", "beak", "belly", "breast", "crown", "forehead", "left eye", "left leg", "left wing", "nape", "right eye", "right leg", "right wing", "tail", "throat"], "images_per_mask": 100, "dataset": "CUB", "train_variation": "loss"}, "train_acc": 0.4343202668890742, "val_acc": 0.18530884808013356, "test_acc": 0.22316189161201241}