{"part_mask": {"back": {"back": [0.01111433282494545, 0.045783452689647675], "belly": [0.01091834157705307, 0.04559333249926567], "breast": [0.008764564990997314, 0.03814815729856491], "crown": [0.005560560151934624, 0.03095698356628418], "forehead": [0.008894518949091434, 0.038453929126262665], "nape": [0.007139869034290314, 0.03445689007639885], "tail": [0.004229236859828234, 0.025836002081632614], "throat": [0.008811555802822113, 0.03958382457494736]}, "belly": {"back": [0.009898676536977291, 0.04048265889286995], "belly": [0.01414769608527422, 0.04957235977053642], "breast": [0.006960425991564989, 0.03516773506999016], "crown": [0.0062319072894752026, 0.0327676422894001], "forehead": [0.007085858844220638, 0.034701649099588394], "nape": [0.0068433345295488834, 0.034958574920892715], "tail": [0.0033051432110369205, 0.02300242893397808], "throat": [0.008919443003833294, 0.038525864481925964]}, "breast": {"back": [0.007686801254749298, 0.036402467638254166], "belly": [0.012354121543467045, 0.048065438866615295], "breast": [0.011146427132189274, 0.04483836516737938], "crown": [0.004537987057119608, 0.027726493775844574], "forehead": [0.0054439217783510685, 0.030038204044103622], "nape": [0.005062044132500887, 0.0285195205360651], "tail": [0.00518779968842864, 0.029374541714787483], "throat": [0.008152645081281662, 0.036613672971725464]}, "crown": {"back": [0.005421127192676067, 0.03174492344260216], "belly": [0.009503290988504887, 0.04090425744652748], "breast": [0.006414491217583418, 0.03319492191076279], "crown": [0.010260200127959251, 0.04264114052057266], "forehead": [0.0055655669420957565, 0.029880007728934288], "nape": [0.007753161713480949, 0.03838023915886879], "tail": [0.0033182883635163307, 0.020256491377949715], "throat": [0.006416016258299351, 0.03402116894721985]}, "forehead": {"back": [0.006630246993154287, 0.03275015205144882], "belly": [0.007928508333861828, 0.03898356482386589], "breast": [0.006310833152383566, 0.03286559507250786], "crown": [0.006111197639256716, 0.03267378732562065], "forehead": [0.007010868284851313, 0.03515882417559624], "nape": [0.006540553644299507, 0.034802552312612534], "tail": [0.003556277835741639, 0.02241222746670246], "throat": [0.009304245933890343, 0.03995300456881523]}, "nape": {"back": [0.005276868585497141, 0.028405845165252686], "belly": [0.010760500095784664, 0.04308384284377098], "breast": [0.007109545171260834, 0.034544941037893295], "crown": [0.005840892903506756, 0.030427249148488045], "forehead": [0.00879672821611166, 0.0382327176630497], "nape": [0.008286312222480774, 0.0370662584900856], "tail": [0.004457666072994471, 0.026367373764514923], "throat": [0.006400789599865675, 0.031159231439232826]}, "tail": {"back": [0.01027416530996561, 0.04165799170732498], "belly": [0.015017783269286156, 0.050517890602350235], "breast": [0.010355894453823566, 0.04130416363477707], "crown": [0.008617199957370758, 0.037260644137859344], "forehead": [0.008538099937140942, 0.03575431555509567], "nape": [0.008211438544094563, 0.03567705303430557], "tail": [0.00413282448425889, 0.02216479554772377], "throat": [0.010757530108094215, 0.042123205959796906]}, "throat": {"back": [0.005694043356925249, 0.030053017660975456], "belly": [0.010599958710372448, 0.045323316007852554], "breast": [0.005720756482332945, 0.031399358063936234], "crown": [0.004854544531553984, 0.028868263587355614], "forehead": [0.006792994681745768, 0.03452355042099953], "nape": [0.004478672984987497, 0.028330018743872643], "tail": [0.0029413376469165087, 0.019255904480814934], "throat": [0.00758587708696723, 0.03607621416449547]}}, "parameters": {"seed": 44, "epsilon": 0.3, "parts": ["back", "beak", "belly", "breast", "crown", "forehead", "left eye", "left leg", "left wing", "nape", "right eye", "right leg", "right wing", "tail", "throat"], "images_per_mask": 100, "dataset": "CUB", "train_variation": "none"}, "train_acc": 0.908673894912427, "val_acc": 0.6853088480801336, "test_acc": 0.6908871246116672}