{"part_mask": {"back": {"back": [0.09963440150022507, 0.16628575325012207], "belly": [0.08411497622728348, 0.14579826593399048], "breast": [0.10346398502588272, 0.17741923034191132], "crown": [0.08412051945924759, 0.14692160487174988], "forehead": [0.11327524483203888, 0.1753835380077362], "nape": [0.11796873062849045, 0.1747424602508545], "tail": [0.03432609140872955, 0.0748160257935524], "throat": [0.11339537054300308, 0.17621290683746338]}, "belly": {"back": [0.0871133878827095, 0.16394087672233582], "belly": [0.09290433675050735, 0.17240464687347412], "breast": [0.10304246842861176, 0.17786414921283722], "crown": [0.09101317077875137, 0.16385102272033691], "forehead": [0.08687935769557953, 0.15242820978164673], "nape": [0.10277877002954483, 0.17390967905521393], "tail": [0.0409456305205822, 0.08515732735395432], "throat": [0.0940641239285469, 0.16499456763267517]}, "breast": {"back": [0.08028487861156464, 0.15522688627243042], "belly": [0.10971611738204956, 0.18449540436267853], "breast": [0.11214691400527954, 0.18773169815540314], "crown": [0.10027527809143066, 0.1646576076745987], "forehead": [0.09960105270147324, 0.16521009802818298], "nape": [0.09635969996452332, 0.16468726098537445], "tail": [0.03395301103591919, 0.07785116136074066], "throat": [0.1050756648182869, 0.17523284256458282]}, "crown": {"back": [0.08089351654052734, 0.14853818714618683], "belly": [0.07222387939691544, 0.12767073512077332], "breast": [0.10088235139846802, 0.16747379302978516], "crown": [0.07479512691497803, 0.12244009226560593], "forehead": [0.09138870239257812, 0.15137459337711334], "nape": [0.09231613576412201, 0.1519717276096344], "tail": [0.031278014183044434, 0.06893736869096756], "throat": [0.09476479142904282, 0.15368619561195374]}, "forehead": {"back": [0.07474376261234283, 0.13932640850543976], "belly": [0.06929167360067368, 0.12846426665782928], "breast": [0.08885456621646881, 0.16203705966472626], "crown": [0.08670086413621902, 0.1508042961359024], "forehead": [0.10873226076364517, 0.17729590833187103], "nape": [0.08961867541074753, 0.15715742111206055], "tail": [0.03774131089448929, 0.0764886736869812], "throat": [0.10588068515062332, 0.1702420860528946]}, "nape": {"back": [0.0707806795835495, 0.1293385624885559], "belly": [0.08877014368772507, 0.1615964025259018], "breast": [0.10771267116069794, 0.17508019506931305], "crown": [0.09695449471473694, 0.1612134426832199], "forehead": [0.09352543205022812, 0.16012731194496155], "nape": [0.11531031131744385, 0.1831790655851364], "tail": [0.03894948586821556, 0.07915477454662323], "throat": [0.11013063788414001, 0.1781814694404602]}, "tail": {"back": [0.12219101190567017, 0.18098916113376617], "belly": [0.10682941973209381, 0.16792763769626617], "breast": [0.1206565648317337, 0.18418283760547638], "crown": [0.10870611667633057, 0.16956467926502228], "forehead": [0.10894796997308731, 0.17391271889209747], "nape": [0.1360405832529068, 0.1932816356420517], "tail": [0.060645926743745804, 0.11011138558387756], "throat": [0.15707959234714508, 0.20589980483055115]}, "throat": {"back": [0.08949330449104309, 0.16766929626464844], "belly": [0.08427352458238602, 0.15869393944740295], "breast": [0.11259976774454117, 0.17053069174289703], "crown": [0.08115608245134354, 0.13203522562980652], "forehead": [0.09586231410503387, 0.14971931278705597], "nape": [0.1088334321975708, 0.16742074489593506], "tail": [0.03998526930809021, 0.09491675347089767], "throat": [0.10253147780895233, 0.16964799165725708]}}, "parameters": {"seed": 44, "epsilon": 0.3, "parts": ["back", "beak", "belly", "breast", "crown", "forehead", "left eye", "left leg", "left wing", "nape", "right eye", "right leg", "right wing", "tail", "throat"], "images_per_mask": 100, "dataset": "CUB", "train_variation": "half"}, "train_acc": 0.9810258548790659, "val_acc": 0.6210350584307178, "test_acc": 0.6304798066965827}