{"mean": {"back": {"10": 0.02656925842165947, "20": 0.06402625143527985, "30": 0.15914253890514374, "40": 0.18515019118785858, "50": 0.22306552529335022}, "belly": {"10": 0.009462214075028896, "20": 0.07639707624912262, "30": 0.08107234537601471, "40": 0.11421675980091095, "50": 0.19978953897953033}, "breast": {"10": 0.026374084874987602, "20": 0.05699478089809418, "30": 0.12922540307044983, "40": 0.14564134180545807, "50": 0.2544649541378021}, "crown": {"10": 0.01082076970487833, "20": 0.026841016486287117, "30": 0.06722455471754074, "40": 0.10574102401733398, "50": 0.1807469129562378}, "forehead": {"10": 0.014067111536860466, "20": 0.0406692810356617, "30": 0.07997080683708191, "40": 0.09071644395589828, "50": 0.19000926613807678}, "nape": {"10": 0.01596841961145401, "20": 0.038875967264175415, "30": 0.061586398631334305, "40": 0.09873446077108383, "50": 0.20579293370246887}, "tail": {"10": 0.040009867399930954, "20": 0.1021491214632988, "30": 0.19720882177352905, "40": 0.2842280864715576, "50": 0.2834887206554413}, "throat": {"10": 0.010638645850121975, "20": 0.057759299874305725, "30": 0.08462332934141159, "40": 0.16225814819335938, "50": 0.14981022477149963}}, "std": {"back": {"10": 0.08807993680238724, "20": 0.1325138509273529, "30": 0.25999361276626587, "40": 0.3096901476383209, "50": 0.33749881386756897}, "belly": {"10": 0.0200888030230999, "20": 0.17635922133922577, "30": 0.17335070669651031, "40": 0.2350454032421112, "50": 0.3188788890838623}, "breast": {"10": 0.0721229538321495, "20": 0.1314936876296997, "30": 0.2192489355802536, "40": 0.23984380066394806, "50": 0.3457084596157074}, "crown": {"10": 0.01751062273979187, "20": 0.08571264892816544, "30": 0.1506507396697998, "40": 0.23186174035072327, "50": 0.3188135325908661}, "forehead": {"10": 0.032872043550014496, "20": 0.13896235823631287, "30": 0.1762782335281372, "40": 0.21994009613990784, "50": 0.3160354793071747}, "nape": {"10": 0.03902018815279007, "20": 0.09015192091464996, "30": 0.1321113407611847, "40": 0.21042051911354065, "50": 0.3224896192550659}, "tail": {"10": 0.10921701788902283, "20": 0.17504464089870453, "30": 0.2903355658054352, "40": 0.3731779158115387, "50": 0.36932823061943054}, "throat": {"10": 0.02362101897597313, "20": 0.15661825239658356, "30": 0.20689675211906433, "40": 0.30551692843437195, "50": 0.267150342464447}}}