{"mean": {"back": {"10": 0.08165390491485595, "20": 0.10357983112335205, "30": 0.12567322254180907, "40": 0.34879131317138673, "50": 0.38706016540527344}, "belly": {"10": 0.018200896768008963, "20": 0.05474115820492015, "30": 0.09308994517606847, "40": 0.2130795198328355, "50": 0.26670496323529413}, "breast": {"10": 0.01731632800584429, "20": 0.06701085808571805, "30": 0.09360285555378775, "40": 0.24896707427635623, "50": 0.2839811517951194}, "crown": {"10": 0.03242851936653869, "20": 0.06435335498966582, "30": 0.12664088157758321, "40": 0.18078532284253265, "50": 0.2760896290818306}, "forehead": {"10": 0.022730793708410017, "20": 0.052491371448223405, "30": 0.1258535507397774, "40": 0.20147384741367438, "50": 0.1949465702741574}, "nape": {"10": 0.023965641243817056, "20": 0.07130623516971119, "30": 0.12863377349017419, "40": 0.1304333699892645, "50": 0.29807025439118684}, "tail": {"10": 0.062036052994106125, "20": 0.14562115461929984, "30": 0.2608806983284328, "40": 0.35453302963920263, "50": 0.43761187014372455}, "throat": {"10": 0.02349700098452361, "20": 0.039971814639326454, "30": 0.1197463049404863, "40": 0.1720512500707654, "50": 0.2067815670068713}}, "std": {"back": {"10": 0.21616306900978088, "20": 0.1949986070394516, "30": 0.22593849897384644, "40": 0.39168214797973633, "50": 0.3966025710105896}, "belly": {"10": 0.05021537095308304, "20": 0.14733168482780457, "30": 0.2132185697555542, "40": 0.34695225954055786, "50": 0.3615093529224396}, "breast": {"10": 0.036663684993982315, "20": 0.17114029824733734, "30": 0.1951245218515396, "40": 0.33418938517570496, "50": 0.36801350116729736}, "crown": {"10": 0.10714802145957947, "20": 0.142978698015213, "30": 0.23512405157089233, "40": 0.31141161918640137, "50": 0.37528055906295776}, "forehead": {"10": 0.05632995069026947, "20": 0.14589253067970276, "30": 0.23467251658439636, "40": 0.28956010937690735, "50": 0.31813743710517883}, "nape": {"10": 0.058602578938007355, "20": 0.17255499958992004, "30": 0.2108488380908966, "40": 0.2506082355976105, "50": 0.3803655207157135}, "tail": {"10": 0.1252892166376114, "20": 0.2231423556804657, "30": 0.299733966588974, "40": 0.3644411563873291, "50": 0.39241352677345276}, "throat": {"10": 0.06960628926753998, "20": 0.12328468263149261, "30": 0.25123074650764465, "40": 0.30201178789138794, "50": 0.34832414984703064}}}