{"part_mask": {"back": {"back": [0.09792981296777725, 0.13914434611797333], "belly": [0.0954633578658104, 0.14723683893680573], "breast": [0.10759935528039932, 0.1503371298313141], "crown": [0.13068966567516327, 0.16164898872375488], "forehead": [0.12725766003131866, 0.1522676944732666], "nape": [0.13506980240345, 0.1738065928220749], "tail": [0.05320505052804947, 0.09812739491462708], "throat": [0.13152189552783966, 0.17400307953357697]}, "belly": {"back": [0.1009991317987442, 0.14216531813144684], "belly": [0.09468527883291245, 0.13317961990833282], "breast": [0.12342982739210129, 0.16449598968029022], "crown": [0.11282951384782791, 0.14429964125156403], "forehead": [0.11508115381002426, 0.15158294141292572], "nape": [0.13334788382053375, 0.16555443406105042], "tail": [0.0473538301885128, 0.08458373695611954], "throat": [0.13963867723941803, 0.16358818113803864]}, "breast": {"back": [0.1063079684972763, 0.15468603372573853], "belly": [0.10852019488811493, 0.16676531732082367], "breast": [0.11972597241401672, 0.16557642817497253], "crown": [0.11418046802282333, 0.15175583958625793], "forehead": [0.10760331153869629, 0.15462900698184967], "nape": [0.11102688312530518, 0.15707261860370636], "tail": [0.049088455736637115, 0.08556153625249863], "throat": [0.14322133362293243, 0.17655335366725922]}, "crown": {"back": [0.09974315017461777, 0.1300758421421051], "belly": [0.0865277349948883, 0.1263497918844223], "breast": [0.09797538816928864, 0.13801130652427673], "crown": [0.1274375468492508, 0.15135090053081512], "forehead": [0.11993545293807983, 0.15570080280303955], "nape": [0.13517789542675018, 0.1661287546157837], "tail": [0.04199288412928581, 0.07666873186826706], "throat": [0.13743774592876434, 0.16005073487758636]}, "forehead": {"back": [0.0848148837685585, 0.13107919692993164], "belly": [0.0919884517788887, 0.139785036444664], "breast": [0.10027069598436356, 0.15045396983623505], "crown": [0.11878931522369385, 0.1543331891298294], "forehead": [0.12748239934444427, 0.15866845846176147], "nape": [0.12911880016326904, 0.17552195489406586], "tail": [0.0483575314283371, 0.09167229384183884], "throat": [0.14614565670490265, 0.18066418170928955]}, "nape": {"back": [0.10603775084018707, 0.1501867026090622], "belly": [0.11395218223333359, 0.15924009680747986], "breast": [0.09578634798526764, 0.1424238383769989], "crown": [0.11767050623893738, 0.16677846014499664], "forehead": [0.11976590752601624, 0.16463716328144073], "nape": [0.13363772630691528, 0.17013457417488098], "tail": [0.036482684314250946, 0.0752210021018982], "throat": [0.13667336106300354, 0.17352628707885742]}, "tail": {"back": [0.11246994137763977, 0.16114725172519684], "belly": [0.1055939570069313, 0.15050487220287323], "breast": [0.14362075924873352, 0.17519715428352356], "crown": [0.12338282912969589, 0.15809975564479828], "forehead": [0.13948604464530945, 0.1681215614080429], "nape": [0.15700510144233704, 0.1884182095527649], "tail": [0.05777100846171379, 0.09106315672397614], "throat": [0.1654343158006668, 0.1874971091747284]}, "throat": {"back": [0.11335302889347076, 0.1605111062526703], "belly": [0.09949158877134323, 0.1468486785888672], "breast": [0.12770119309425354, 0.17052964866161346], "crown": [0.1266210377216339, 0.1525624692440033], "forehead": [0.12333759665489197, 0.1580973118543625], "nape": [0.11503474414348602, 0.14604730904102325], "tail": [0.05001826584339142, 0.08611282706260681], "throat": [0.13219326734542847, 0.16579236090183258]}}, "parameters": {"seed": 43, "epsilon": 0.3, "parts": ["back", "beak", "belly", "breast", "crown", "forehead", "left eye", "left leg", "left wing", "nape", "right eye", "right leg", "right wing", "tail", "throat"], "images_per_mask": 100, "dataset": "CUB"}, "train_acc": 1.0, "val_acc": 0.6702838063439065, "test_acc": 0.6660338280980325}