{"part_mask": {"back": {"back": [0.01310530211776495, 0.04746066406369209], "belly": [0.013494446873664856, 0.04871727153658867], "breast": [0.007055955473333597, 0.03421790525317192], "crown": [0.009942639619112015, 0.04099728539586067], "forehead": [0.010156596079468727, 0.042560018599033356], "nape": [0.009519705548882484, 0.03991963714361191], "tail": [0.004996779840439558, 0.02694581262767315], "throat": [0.010159899480640888, 0.04130208119750023]}, "belly": {"back": [0.00834228191524744, 0.03865694999694824], "belly": [0.013230865821242332, 0.0499972440302372], "breast": [0.012505083344876766, 0.04831470549106598], "crown": [0.00497605511918664, 0.025836925953626633], "forehead": [0.007229813374578953, 0.03388021141290665], "nape": [0.00647510401904583, 0.03383442014455795], "tail": [0.005014488473534584, 0.029257476329803467], "throat": [0.005433708429336548, 0.030085481703281403]}, "breast": {"back": [0.0070649851113557816, 0.03688504546880722], "belly": [0.006834734696894884, 0.03589269891381264], "breast": [0.006508987862616777, 0.03265172988176346], "crown": [0.005741966888308525, 0.03127651661634445], "forehead": [0.006176556460559368, 0.033287182450294495], "nape": [0.006448395550251007, 0.03222743049263954], "tail": [0.0035568326711654663, 0.024657469242811203], "throat": [0.006263141520321369, 0.033808447420597076]}, "crown": {"back": [0.0048446147702634335, 0.028732595965266228], "belly": [0.00793383363634348, 0.03897201642394066], "breast": [0.00501590920612216, 0.028510820120573044], "crown": [0.007532885298132896, 0.03677596151828766], "forehead": [0.008985665626823902, 0.03950846940279007], "nape": [0.005571537651121616, 0.0314316526055336], "tail": [0.0017641015583649278, 0.01586601510643959], "throat": [0.009530498646199703, 0.04074018448591232]}, "forehead": {"back": [0.009300265461206436, 0.038927432149648666], "belly": [0.011438063345849514, 0.04493306577205658], "breast": [0.007485167123377323, 0.03625261038541794], "crown": [0.0054482147097587585, 0.02862810716032982], "forehead": [0.008267490193247795, 0.03792516514658928], "nape": [0.006472734734416008, 0.03132636845111847], "tail": [0.00550053920596838, 0.030751371756196022], "throat": [0.006718677002936602, 0.03322748839855194]}, "nape": {"back": [0.00959163997322321, 0.040207091718912125], "belly": [0.009222066029906273, 0.03838207572698593], "breast": [0.005169298034161329, 0.027713950723409653], "crown": [0.006785474717617035, 0.03297596052289009], "forehead": [0.004244793206453323, 0.023673037067055702], "nape": [0.0062919436022639275, 0.03134133294224739], "tail": [0.0040824878960847855, 0.02334301546216011], "throat": [0.006105817388743162, 0.028060289099812508]}, "tail": {"back": [0.009198641404509544, 0.03890569508075714], "belly": [0.011888314969837666, 0.045401010662317276], "breast": [0.009885746985673904, 0.041872721165418625], "crown": [0.009479879401624203, 0.038499616086483], "forehead": [0.0092664435505867, 0.03943507373332977], "nape": [0.009184466674923897, 0.038501184433698654], "tail": [0.004507754929363728, 0.025863518938422203], "throat": [0.008497857488691807, 0.03736819326877594]}, "throat": {"back": [0.004819298163056374, 0.026261506602168083], "belly": [0.007305559236556292, 0.03398840129375458], "breast": [0.004169929306954145, 0.024946583434939384], "crown": [0.005729608703404665, 0.029618993401527405], "forehead": [0.002564922906458378, 0.016316862776875496], "nape": [0.006455283612012863, 0.03433845192193985], "tail": [0.0029923056717962027, 0.01779051683843136], "throat": [0.0064251315779984, 0.03172064945101738]}}, "parameters": {"seed": 43, "epsilon": 0.3, "parts": ["back", "beak", "belly", "breast", "crown", "forehead", "left eye", "left leg", "left wing", "nape", "right eye", "right leg", "right wing", "tail", "throat"], "images_per_mask": 100, "dataset": "CUB", "train_variation": "none"}, "train_acc": 0.9107589658048374, "val_acc": 0.6803005008347245, "test_acc": 0.6829478771142561}