{"part_mask": {"back": {"back": [0.09282205253839493, 0.15865367650985718], "belly": [0.09783671796321869, 0.17492331564426422], "breast": [0.09490049630403519, 0.16083846986293793], "crown": [0.0906723216176033, 0.14780420064926147], "forehead": [0.08836536109447479, 0.15078186988830566], "nape": [0.10796510428190231, 0.16033530235290527], "tail": [0.04168062284588814, 0.0878382995724678], "throat": [0.11537010967731476, 0.18248264491558075]}, "belly": {"back": [0.10766559839248657, 0.17588967084884644], "belly": [0.0892222672700882, 0.15742164850234985], "breast": [0.11106745153665543, 0.18320325016975403], "crown": [0.08991368114948273, 0.15312618017196655], "forehead": [0.07875235378742218, 0.13113337755203247], "nape": [0.09032443165779114, 0.158742755651474], "tail": [0.04054984077811241, 0.0902947187423706], "throat": [0.11625169962644577, 0.18602518737316132]}, "breast": {"back": [0.09063176810741425, 0.16268634796142578], "belly": [0.09383425116539001, 0.17496845126152039], "breast": [0.1219000443816185, 0.20033764839172363], "crown": [0.09981825202703476, 0.16788333654403687], "forehead": [0.09736713021993637, 0.1656469702720642], "nape": [0.09554100036621094, 0.16657455265522003], "tail": [0.038997769355773926, 0.07553115487098694], "throat": [0.10023128241300583, 0.1787298172712326]}, "crown": {"back": [0.08293873816728592, 0.15138542652130127], "belly": [0.06696978211402893, 0.1253536343574524], "breast": [0.07836160063743591, 0.13974016904830933], "crown": [0.09517566114664078, 0.16559134423732758], "forehead": [0.08577518165111542, 0.15026910603046417], "nape": [0.08343137055635452, 0.14024944603443146], "tail": [0.03035971336066723, 0.06271061301231384], "throat": [0.08958782255649567, 0.1457400619983673]}, "forehead": {"back": [0.08136624097824097, 0.13493497669696808], "belly": [0.07974332571029663, 0.1348007470369339], "breast": [0.0952271893620491, 0.17250482738018036], "crown": [0.08039762079715729, 0.13231180608272552], "forehead": [0.08961350470781326, 0.14461873471736908], "nape": [0.09320369362831116, 0.15468087792396545], "tail": [0.03877846524119377, 0.08281923085451126], "throat": [0.10182677954435349, 0.15621502697467804]}, "nape": {"back": [0.09489014744758606, 0.16060899198055267], "belly": [0.08792387694120407, 0.1449989527463913], "breast": [0.09746339172124863, 0.16686834394931793], "crown": [0.09197072684764862, 0.14573507010936737], "forehead": [0.09844157099723816, 0.16380785405635834], "nape": [0.10682663321495056, 0.16577422618865967], "tail": [0.03761128708720207, 0.08174822479486465], "throat": [0.12131530791521072, 0.19870753586292267]}, "tail": {"back": [0.10770102590322495, 0.15997099876403809], "belly": [0.11021146178245544, 0.17027071118354797], "breast": [0.14235632121562958, 0.19747768342494965], "crown": [0.12531313300132751, 0.17671585083007812], "forehead": [0.11906278133392334, 0.18048927187919617], "nape": [0.12655511498451233, 0.18235015869140625], "tail": [0.05639452114701271, 0.09642258286476135], "throat": [0.1518925428390503, 0.20726220309734344]}, "throat": {"back": [0.0770530253648758, 0.15261641144752502], "belly": [0.07715663313865662, 0.1334458440542221], "breast": [0.07961522042751312, 0.14492115378379822], "crown": [0.0899667963385582, 0.16176433861255646], "forehead": [0.08713400363922119, 0.16077688336372375], "nape": [0.11418291926383972, 0.18655958771705627], "tail": [0.03974521532654762, 0.07809463888406754], "throat": [0.09464230388402939, 0.1496928334236145]}}, "parameters": {"seed": 42, "epsilon": 0.3, "parts": ["back", "beak", "belly", "breast", "crown", "forehead", "left eye", "left leg", "left wing", "nape", "right eye", "right leg", "right wing", "tail", "throat"], "images_per_mask": 100, "dataset": "CUB", "train_variation": "half"}, "train_acc": 0.9808173477898249, "val_acc": 0.5959933222036727, "test_acc": 0.6335864687607871}