{"part_mask": {"back": {"back": [0.10757749527692795, 0.1512281596660614], "belly": [0.10517743229866028, 0.16185639798641205], "breast": [0.1348961740732193, 0.1798228919506073], "crown": [0.12625280022621155, 0.16262109577655792], "forehead": [0.11427740007638931, 0.15763084590435028], "nape": [0.11442206799983978, 0.1575748771429062], "tail": [0.044719163328409195, 0.08506717532873154], "throat": [0.14348700642585754, 0.18297022581100464]}, "belly": {"back": [0.09831344336271286, 0.15581254661083221], "belly": [0.11770559847354889, 0.1734805852174759], "breast": [0.10101057589054108, 0.15577852725982666], "crown": [0.1121622771024704, 0.15455983579158783], "forehead": [0.09493333101272583, 0.15216851234436035], "nape": [0.12263759970664978, 0.17327880859375], "tail": [0.04749992862343788, 0.08375543355941772], "throat": [0.12370989471673965, 0.1768394261598587]}, "breast": {"back": [0.1106998547911644, 0.16088652610778809], "belly": [0.09884586185216904, 0.149277001619339], "breast": [0.13104437291622162, 0.18861332535743713], "crown": [0.09764332324266434, 0.13982658088207245], "forehead": [0.10211639106273651, 0.1483408361673355], "nape": [0.11985022574663162, 0.16655193269252777], "tail": [0.04337046295404434, 0.08067227900028229], "throat": [0.14076268672943115, 0.18165312707424164]}, "crown": {"back": [0.10246869921684265, 0.15780211985111237], "belly": [0.07596971839666367, 0.11776746064424515], "breast": [0.09496526420116425, 0.13001681864261627], "crown": [0.11225049197673798, 0.16010582447052002], "forehead": [0.11406705528497696, 0.15670201182365417], "nape": [0.13766515254974365, 0.18015693128108978], "tail": [0.03896322101354599, 0.06751876324415207], "throat": [0.1422642320394516, 0.18755701184272766]}, "forehead": {"back": [0.09471733123064041, 0.13955774903297424], "belly": [0.10109081119298935, 0.14911022782325745], "breast": [0.1002802699804306, 0.1371263861656189], "crown": [0.12210109829902649, 0.14748811721801758], "forehead": [0.12560653686523438, 0.1567283272743225], "nape": [0.12335406243801117, 0.15271778404712677], "tail": [0.04652494564652443, 0.08300717920064926], "throat": [0.15062180161476135, 0.18215619027614594]}, "nape": {"back": [0.10443763434886932, 0.14540286362171173], "belly": [0.08415605872869492, 0.1325976401567459], "breast": [0.11089327186346054, 0.16132010519504547], "crown": [0.10943441092967987, 0.14924488961696625], "forehead": [0.11593279242515564, 0.15058335661888123], "nape": [0.11828534305095673, 0.1639343798160553], "tail": [0.04307999461889267, 0.09578260034322739], "throat": [0.11975527554750443, 0.1623920500278473]}, "tail": {"back": [0.12556375563144684, 0.1612088680267334], "belly": [0.09779425710439682, 0.14357805252075195], "breast": [0.12898938357830048, 0.17012931406497955], "crown": [0.13792133331298828, 0.16426031291484833], "forehead": [0.14224189519882202, 0.1797114759683609], "nape": [0.15545955300331116, 0.19718053936958313], "tail": [0.05199085921049118, 0.07826009392738342], "throat": [0.14855878055095673, 0.18340715765953064]}, "throat": {"back": [0.10389120131731033, 0.15248584747314453], "belly": [0.09188143163919449, 0.12268580496311188], "breast": [0.13605649769306183, 0.18071086704730988], "crown": [0.11363915354013443, 0.1638997495174408], "forehead": [0.10662147402763367, 0.1463199257850647], "nape": [0.13246816396713257, 0.17041002213954926], "tail": [0.04720139130949974, 0.08797414600849152], "throat": [0.15332169830799103, 0.17999176681041718]}}, "parameters": {"seed": 44, "epsilon": 0.3, "parts": ["back", "beak", "belly", "breast", "crown", "forehead", "left eye", "left leg", "left wing", "nape", "right eye", "right leg", "right wing", "tail", "throat"], "images_per_mask": 100, "dataset": "CUB"}, "train_acc": 1.0, "val_acc": 0.67779632721202, "test_acc": 0.674318260269244}