{"part_mask": {"back": {"back": [0.08359741419553757, 0.12367286533117294], "belly": [0.08994312584400177, 0.1324506402015686], "breast": [0.09379993379116058, 0.13186481595039368], "crown": [0.10699092596769333, 0.13864722847938538], "forehead": [0.10321486741304398, 0.13204710185527802], "nape": [0.10422714054584503, 0.1372682899236679], "tail": [0.04536694660782814, 0.07368811219930649], "throat": [0.11096813529729843, 0.14851157367229462]}, "belly": {"back": [0.06958713382482529, 0.1369178742170334], "belly": [0.05983376502990723, 0.11697235703468323], "breast": [0.07761384546756744, 0.1585868000984192], "crown": [0.06650467216968536, 0.1210620179772377], "forehead": [0.06707799434661865, 0.12161875516176224], "nape": [0.07420997321605682, 0.14386636018753052], "tail": [0.033774618059396744, 0.08925309777259827], "throat": [0.07918576151132584, 0.1423325091600418]}, "breast": {"back": [0.06740866601467133, 0.11112166196107864], "belly": [0.07829692959785461, 0.12876364588737488], "breast": [0.08262764662504196, 0.12783780694007874], "crown": [0.08304077386856079, 0.13987116515636444], "forehead": [0.07073447853326797, 0.11049892753362656], "nape": [0.07893585413694382, 0.1308182328939438], "tail": [0.03041050024330616, 0.05755053088068962], "throat": [0.08347677439451218, 0.13217046856880188]}, "crown": {"back": [0.11203089356422424, 0.11096327006816864], "belly": [0.10746335238218307, 0.09996047616004944], "breast": [0.13031616806983948, 0.12419261038303375], "crown": [0.13795053958892822, 0.12115814536809921], "forehead": [0.11144033074378967, 0.10408250242471695], "nape": [0.13489960134029388, 0.1270090788602829], "tail": [0.05921909213066101, 0.06733816117048264], "throat": [0.14487339556217194, 0.12712015211582184]}, "forehead": {"back": [0.05727946758270264, 0.09718849509954453], "belly": [0.05301597714424133, 0.0839359313249588], "breast": [0.05980045348405838, 0.10116469115018845], "crown": [0.058025848120450974, 0.11885207891464233], "forehead": [0.06821617484092712, 0.1252366602420807], "nape": [0.06010708957910538, 0.11266487091779709], "tail": [0.02660820074379444, 0.049320340156555176], "throat": [0.07334953546524048, 0.12709805369377136]}, "nape": {"back": [0.06012701615691185, 0.10269595682621002], "belly": [0.06387976557016373, 0.10704699158668518], "breast": [0.06364624947309494, 0.11259809881448746], "crown": [0.06554762274026871, 0.1066192016005516], "forehead": [0.06778398156166077, 0.10791149735450745], "nape": [0.08164768666028976, 0.12451452761888504], "tail": [0.03230493515729904, 0.06562551856040955], "throat": [0.0937633290886879, 0.1416361927986145]}, "tail": {"back": [0.10031747072935104, 0.14059142768383026], "belly": [0.09309167414903641, 0.13435904681682587], "breast": [0.09608052670955658, 0.13432970643043518], "crown": [0.08726798743009567, 0.12402116507291794], "forehead": [0.10140716284513474, 0.13929936289787292], "nape": [0.12344035506248474, 0.1640472710132599], "tail": [0.04787547513842583, 0.08080560714006424], "throat": [0.11899462342262268, 0.15004074573516846]}, "throat": {"back": [0.048655785620212555, 0.11680948734283447], "belly": [0.04837731271982193, 0.12563270330429077], "breast": [0.06399794667959213, 0.16236354410648346], "crown": [0.05970465764403343, 0.14122268557548523], "forehead": [0.05405808612704277, 0.11719843745231628], "nape": [0.06600181758403778, 0.14831402897834778], "tail": [0.029085388407111168, 0.09664110839366913], "throat": [0.07093851268291473, 0.16716648638248444]}}, "parameters": {"seed": 42, "epsilon": 0.3, "parts": ["back", "beak", "belly", "breast", "crown", "forehead", "left eye", "left leg", "left wing", "nape", "right eye", "right leg", "right wing", "tail", "throat"], "images_per_mask": 100, "dataset": "CUB", "train_variation": "loss"}, "train_acc": 0.41305254378648876, "val_acc": 0.17195325542570952, "test_acc": 0.22212633759061098}