{"diff_by_epsilon": {"0.01": [0.006715869996696711, 0.00936112366616726], "0.02": [0.012393629178404808, 0.014660293236374855], "0.05": [0.0417732298374176, 0.07719951868057251], "0.1": [0.06326039135456085, 0.10708170384168625], "0.15": [0.07962597906589508, 0.110892154276371], "0.2": [0.10440485179424286, 0.147211953997612], "0.3": [0.16433852910995483, 0.17097322642803192]}, "parameters": {"seed": 44, "epsilon": 0.3, "parts": ["back", "beak", "belly", "breast", "crown", "forehead", "left eye", "left leg", "left wing", "nape", "right eye", "right leg", "right wing", "tail", "throat"], "images_per_mask": 100, "dataset": "CUB"}}