{"part_mask": {"back": {"back": [0.08290711790323257, 0.13237054646015167], "belly": [0.08864022046327591, 0.15637847781181335], "breast": [0.12905284762382507, 0.19798164069652557], "crown": [0.0992194414138794, 0.16294968128204346], "forehead": [0.09550060331821442, 0.153173565864563], "nape": [0.1054990291595459, 0.17408879101276398], "tail": [0.04210808500647545, 0.09103365242481232], "throat": [0.12354715913534164, 0.18960118293762207]}, "belly": {"back": [0.09058412909507751, 0.15959610044956207], "belly": [0.09200025349855423, 0.14693626761436462], "breast": [0.11400312185287476, 0.18619513511657715], "crown": [0.08904662728309631, 0.14959099888801575], "forehead": [0.08453356474637985, 0.1415451169013977], "nape": [0.09776951372623444, 0.16169941425323486], "tail": [0.04475637525320053, 0.09374607354402542], "throat": [0.10431176424026489, 0.1617659479379654]}, "breast": {"back": [0.08088837563991547, 0.1539282351732254], "belly": [0.09641680121421814, 0.16775354743003845], "breast": [0.09129886329174042, 0.15757358074188232], "crown": [0.09296785295009613, 0.16851073503494263], "forehead": [0.0721602737903595, 0.1352180540561676], "nape": [0.10097308456897736, 0.16705988347530365], "tail": [0.042846377938985825, 0.09480971843004227], "throat": [0.10567929595708847, 0.18802371621131897]}, "crown": {"back": [0.10198286175727844, 0.16183562576770782], "belly": [0.07631299644708633, 0.12572111189365387], "breast": [0.08927538245916367, 0.14421623945236206], "crown": [0.09876539558172226, 0.14141704142093658], "forehead": [0.08302762359380722, 0.1544680893421173], "nape": [0.10502725094556808, 0.15545132756233215], "tail": [0.041360002011060715, 0.08143170177936554], "throat": [0.12136249244213104, 0.18351544439792633]}, "forehead": {"back": [0.0734110102057457, 0.13744096457958221], "belly": [0.0827597826719284, 0.1462557166814804], "breast": [0.09674061089754105, 0.16127869486808777], "crown": [0.08937283605337143, 0.14661619067192078], "forehead": [0.09565344452857971, 0.16883470118045807], "nape": [0.1012488380074501, 0.1682957261800766], "tail": [0.038996532559394836, 0.08724143356084824], "throat": [0.11576017737388611, 0.1875186711549759]}, "nape": {"back": [0.10719011723995209, 0.16390731930732727], "belly": [0.08986858278512955, 0.14054740965366364], "breast": [0.11246749758720398, 0.1832558512687683], "crown": [0.09759186953306198, 0.1581849753856659], "forehead": [0.10631338506937027, 0.1650635004043579], "nape": [0.12411293387413025, 0.18484650552272797], "tail": [0.03814690187573433, 0.08474446833133698], "throat": [0.119957834482193, 0.17774519324302673]}, "tail": {"back": [0.12232735753059387, 0.17452213168144226], "belly": [0.10722443461418152, 0.16606394946575165], "breast": [0.1149684488773346, 0.16487474739551544], "crown": [0.10796231776475906, 0.16573484241962433], "forehead": [0.11534399539232254, 0.17149892449378967], "nape": [0.13510815799236298, 0.18605315685272217], "tail": [0.05017039552330971, 0.08339163661003113], "throat": [0.1283947378396988, 0.1866784244775772]}, "throat": {"back": [0.09230487793684006, 0.1710006296634674], "belly": [0.09584558010101318, 0.1635027676820755], "breast": [0.0902152732014656, 0.15102489292621613], "crown": [0.08767756074666977, 0.14047788083553314], "forehead": [0.10165361315011978, 0.1623285859823227], "nape": [0.10377608984708786, 0.17388954758644104], "tail": [0.03717499598860741, 0.07971052080392838], "throat": [0.12219099700450897, 0.19378748536109924]}}, "parameters": {"seed": 43, "epsilon": 0.3, "parts": ["back", "beak", "belly", "breast", "crown", "forehead", "left eye", "left leg", "left wing", "nape", "right eye", "right leg", "right wing", "tail", "throat"], "images_per_mask": 100, "dataset": "CUB", "train_variation": "half"}, "train_acc": 0.9685154295246038, "val_acc": 0.6110183639398998, "test_acc": 0.623576113220573}