{"part_mask": {"back": {"back": [0.06901063024997711, 0.0634639635682106], "belly": [0.05611640587449074, 0.04982331767678261], "breast": [0.04278425872325897, 0.04423176124691963], "crown": [0.04663251340389252, 0.04946327954530716], "tail": [0.03519215062260628, 0.03679298609495163], "throat": [0.050882842391729355, 0.05726473778486252]}, "belly": {"back": [0.07443952560424805, 0.06523400545120239], "belly": [0.07471103221178055, 0.0629863291978836], "breast": [0.05518924817442894, 0.0526733472943306], "crown": [0.04886792227625847, 0.04831117391586304], "tail": [0.033582936972379684, 0.03578374907374382], "throat": [0.057148464024066925, 0.05684526637196541]}, "breast": {"back": [0.0640660971403122, 0.05920776352286339], "belly": [0.057234201580286026, 0.054419927299022675], "breast": [0.04440376162528992, 0.0426696352660656], "crown": [0.04439418390393257, 0.04382908716797829], "tail": [0.03420477733016014, 0.03329388052225113], "throat": [0.056488554924726486, 0.060060758143663406]}, "crown": {"back": [0.06545354425907135, 0.05884668231010437], "belly": [0.06661908328533173, 0.05932009220123291], "breast": [0.05337696149945259, 0.05258307605981827], "crown": [0.047899603843688965, 0.04827909544110298], "tail": [0.03195317089557648, 0.03207506984472275], "throat": [0.0516992062330246, 0.056650202721357346]}, "tail": {"back": [0.0689116045832634, 0.06118951365351677], "belly": [0.05975359305739403, 0.05777629837393761], "breast": [0.043592020869255066, 0.04650032892823219], "crown": [0.04138704389333725, 0.04286884889006615], "tail": [0.0326429158449173, 0.03265171870589256], "throat": [0.0564054436981678, 0.05506207048892975]}, "throat": {"back": [0.06349195539951324, 0.05928412079811096], "belly": [0.062356848269701004, 0.06048160418868065], "breast": [0.0472724474966526, 0.04823489487171173], "crown": [0.04457927122712135, 0.04969298094511032], "tail": [0.03248082846403122, 0.03483165055513382], "throat": [0.061126746237277985, 0.06363913416862488]}}, "parameters": {"seed": 44, "epsilon": 0.3, "parts": ["back", "beak", "belly", "breast", "crown", "forehead", "left eye", "left leg", "left wing", "nape", "right eye", "right leg", "right wing", "tail", "throat"], "images_per_mask": 100, "dataset": "CUB", "train_variation": "label-free"}}