{"part_mask": {"back": {"back": [0.04393193498253822, 0.05031614378094673], "belly": [0.056523434817790985, 0.05839448422193527], "breast": [0.03794882819056511, 0.04469333961606026], "crown": [0.03330530598759651, 0.038739319890737534], "forehead": [0.04237280786037445, 0.04806485399603844], "nape": [0.03200843930244446, 0.04151952266693115], "tail": [0.039858754724264145, 0.04562973603606224], "throat": [0.043235912919044495, 0.04852773994207382]}, "belly": {"back": [0.03288337588310242, 0.042019519954919815], "belly": [0.034661855548620224, 0.04389379173517227], "breast": [0.03148435428738594, 0.03881430625915527], "crown": [0.028605131432414055, 0.03686750307679176], "forehead": [0.02864782325923443, 0.035380080342292786], "nape": [0.02532840147614479, 0.031527433544397354], "tail": [0.0290274266153574, 0.03455052524805069], "throat": [0.03065640851855278, 0.03854772821068764]}, "breast": {"back": [0.0343734547495842, 0.04031970724463463], "belly": [0.04566990211606026, 0.05294283106923103], "breast": [0.036045387387275696, 0.0443672239780426], "crown": [0.02471969649195671, 0.02856815792620182], "forehead": [0.03067966178059578, 0.036002349108457565], "nape": [0.022298326715826988, 0.024906720966100693], "tail": [0.03274615854024887, 0.038560207933187485], "throat": [0.03478801250457764, 0.04374300315976143]}, "crown": {"back": [0.047187115997076035, 0.05802032724022865], "belly": [0.0625654086470604, 0.06830935925245285], "breast": [0.04295606538653374, 0.04758196324110031], "crown": [0.04326549917459488, 0.04688805341720581], "forehead": [0.049485862255096436, 0.056647807359695435], "nape": [0.03691168501973152, 0.04573381692171097], "tail": [0.04522543027997017, 0.05155865103006363], "throat": [0.037542570382356644, 0.045486245304346085]}, "forehead": {"back": [0.031088581308722496, 0.03947969898581505], "belly": [0.039805542677640915, 0.052520863711833954], "breast": [0.02733633667230606, 0.0342114083468914], "crown": [0.025263389572501183, 0.03377978876233101], "forehead": [0.030340058729052544, 0.03591363877058029], "nape": [0.026292163878679276, 0.037287261337041855], "tail": [0.037333857268095016, 0.049260977655649185], "throat": [0.02960958518087864, 0.03640780970454216]}, "nape": {"back": [0.0390007421374321, 0.04885931685566902], "belly": [0.04388468340039253, 0.05370483919978142], "breast": [0.032831206917762756, 0.04147183522582054], "crown": [0.03447386249899864, 0.04161045327782631], "forehead": [0.0383828729391098, 0.04865618795156479], "nape": [0.03235718607902527, 0.04135587438941002], "tail": [0.043079424649477005, 0.050397951155900955], "throat": [0.03419322893023491, 0.041098762303590775]}, "tail": {"back": [0.031338926404714584, 0.04123775660991669], "belly": [0.04097259044647217, 0.04939815774559975], "breast": [0.033502887934446335, 0.04226763918995857], "crown": [0.032176751643419266, 0.04219888150691986], "forehead": [0.031580567359924316, 0.03872005268931389], "nape": [0.02503821812570095, 0.03635717183351517], "tail": [0.032497625797986984, 0.04007565230131149], "throat": [0.030728917568922043, 0.04185178875923157]}, "throat": {"back": [0.03566211834549904, 0.038740433752536774], "belly": [0.04804995656013489, 0.048304393887519836], "breast": [0.03345935046672821, 0.035378988832235336], "crown": [0.029856018722057343, 0.03296658396720886], "forehead": [0.0355755016207695, 0.038889769464731216], "nape": [0.026301616802811623, 0.033234670758247375], "tail": [0.035504043102264404, 0.03701242431998253], "throat": [0.03516724333167076, 0.03791702538728714]}}, "parameters": {"seed": 44, "epsilon": 0.3, "parts": ["back", "beak", "belly", "breast", "crown", "forehead", "left eye", "left leg", "left wing", "nape", "right eye", "right leg", "right wing", "tail", "throat"], "images_per_mask": 100, "dataset": "CUB", "train_variation": "none"}, "train_acc": 0.9587155963302753, "val_acc": 0.67779632721202, "test_acc": 0.6912323092854677}