{"diff_by_epsilon": {"0.01": [0.008742854930460453, 0.020596401765942574], "0.02": [0.01432839035987854, 0.02793993428349495], "0.05": [0.028714077547192574, 0.0412861593067646], "0.1": [0.042996130883693695, 0.06909357756376266], "0.15": [0.07727152109146118, 0.12190636992454529], "0.2": [0.09612803161144257, 0.13485796749591827], "0.3": [0.1829477995634079, 0.18217067420482635]}, "part": 13, "parameters": {"seed": 42, "epsilon": 0.3, "parts": ["back", "beak", "belly", "breast", "crown", "forehead", "left eye", "left leg", "left wing", "nape", "right eye", "right leg", "right wing", "tail", "throat"], "images_per_mask": 100, "dataset": "CUB"}}