{"diff_by_epsilon": {"0.01": [0.008630170486867428, 0.015272265300154686], "0.02": [0.018140209838747978, 0.0367877222597599], "0.05": [0.0364944227039814, 0.06174290552735329], "0.1": [0.052426114678382874, 0.0893285721540451], "0.15": [0.0777897909283638, 0.12483225017786026], "0.2": [0.10866263508796692, 0.14343255758285522], "0.3": [0.20775936543941498, 0.19173656404018402]}, "part": 13, "parameters": {"seed": 44, "epsilon": 0.3, "parts": ["back", "beak", "belly", "breast", "crown", "forehead", "left eye", "left leg", "left wing", "nape", "right eye", "right leg", "right wing", "tail", "throat"], "images_per_mask": 100, "dataset": "CUB"}}