{"diff_by_epsilon": {"0.01": [0.007727905176579952, 0.011854998767375946], "0.02": [0.016236841678619385, 0.022369883954524994], "0.05": [0.03490917757153511, 0.042820174247026443], "0.1": [0.05382924526929855, 0.07984717935323715], "0.15": [0.0632658451795578, 0.0861373096704483], "0.2": [0.08778292685747147, 0.1013176217675209], "0.3": [0.16580352187156677, 0.15940284729003906]}, "part": 13, "parameters": {"seed": 43, "epsilon": 0.3, "parts": ["back", "beak", "belly", "breast", "crown", "forehead", "left eye", "left leg", "left wing", "nape", "right eye", "right leg", "right wing", "tail", "throat"], "images_per_mask": 100, "dataset": "CUB"}}