{"train_accuracy": 0.810546875, "val_accuracy": 0.79296875, "test_accuracy": 0.8203125, "in_distro": 0.9907289002557544, "num_in_distro": 3128, "out_distro": 0.9917355371900827, "num_out_distro": 968, "concept_accuracies": [0.9960474308300395, 0.9922779922779923, 0.9964664310954063, 0.9781659388646288, 0.9958333333333333, 0.9852941176470589, 1.0, 0.9814814814814815], "combinations": ["102", "153", "170", "106", "150", "165", "85", "101", "90", "105", "89", "86"], "parameters": {"seed": 44, "encoder_model": "small7", "debugging": false, "dataset_name": "synthetic_object/synthetic_4", "num_concept_combinations": 12}, "adversarial_activations": [1.0, 1.0, 1.0, 1.0, 0.9999999999999765, 1.0, 1.0, 1.0]}