{"train_accuracy": 1.0, "val_accuracy": 1.0, "test_accuracy": 0.986328125, "in_distro": 0.9906054279749478, "num_in_distro": 3832, "out_distro": 1.0, "num_out_distro": 264, "concept_accuracies": [0.9960474308300395, 0.9922779922779923, 0.9964664310954063, 0.9781659388646288, 0.9958333333333333, 0.9852941176470589, 1.0, 0.9814814814814815], "combinations": ["106", "150", "102", "105", "169", "153", "165", "149", "86", "89", "166", "170", "101", "154", "85"], "parameters": {"seed": 42, "encoder_model": "small7", "debugging": false, "dataset_name": "synthetic_object/synthetic_4", "num_concept_combinations": 15}, "adversarial_activations": [1.0, 1.0, 1.0, 1.0, 1.0, 1.0, 1.0, 1.0]}