{"train_accuracy": 0.603515625, "val_accuracy": 0.619140625, "test_accuracy": 0.640625, "in_distro": 0.9875, "num_in_distro": 1040, "out_distro": 0.7005890052356021, "num_out_distro": 3056, "concept_accuracies": [0.8379446640316206, 0.6293436293436293, 0.8939929328621908, 0.5327510917030568, 0.9958333333333333, 0.6213235294117647, 1.0, 0.562962962962963], "combinations": ["102", "153", "170", "106"], "parameters": {"seed": 44, "encoder_model": "small7", "debugging": false, "dataset_name": "synthetic_object/synthetic_4", "num_concept_combinations": 4}, "adversarial_activations": [1.0, 1.0, 1.0, 1.0, 1.0, 1.0, 1.0, 1.0]}