{"train_accuracy": 1.0, "val_accuracy": 1.0, "test_accuracy": 0.986328125, "in_distro": 0.99079754601227, "num_in_distro": 3912, "out_distro": 1.0, "num_out_distro": 184, "concept_accuracies": [1.0, 0.9922779922779923, 0.9964664310954063, 0.9781659388646288, 0.9958333333333333, 0.9852941176470589, 1.0, 0.9814814814814815], "combinations": ["150", "149", "166", "85", "105", "90", "169", "153", "170", "102", "106", "89", "165", "154", "101"], "parameters": {"seed": 43, "encoder_model": "small7", "debugging": false, "dataset_name": "synthetic_object/synthetic_4", "num_concept_combinations": 15}, "adversarial_activations": [1.0, 1.0, 1.0, 1.0, 1.0, 1.0, 1.0, 1.0]}