{"train_accuracy": 0.68359375, "val_accuracy": 0.689453125, "test_accuracy": 0.658203125, "in_distro": 0.994140625, "num_in_distro": 1024, "out_distro": 0.5966796875, "num_out_distro": 3072, "concept_accuracies": [1.0, 0.11583011583011583, 0.9964664310954063, 0.9781659388646288, 0.0, 1.0, 1.0, 0.45185185185185184], "combinations": ["150", "149", "166", "85"], "parameters": {"seed": 43, "encoder_model": "small7", "debugging": false, "dataset_name": "synthetic_object/synthetic_4", "num_concept_combinations": 4}, "adversarial_activations": [1.0, 1.0, 1.0, 1.0, 0.8, 0.8, 1.0, 1.0]}