{"train_accuracy": 0.681640625, "val_accuracy": 0.669921875, "test_accuracy": 0.701171875, "in_distro": 1.0, "num_in_distro": 288, "out_distro": 0.4789915966386555, "num_out_distro": 3808, "concept_accuracies": [0.0, 1.0, 1.0, 0.0, 0.0, 1.0, 1.0, 0.0], "combinations": ["102"], "parameters": {"seed": 44, "encoder_model": "small7", "debugging": false, "dataset_name": "synthetic_object/synthetic_4", "num_concept_combinations": 1}, "adversarial_activations": [0.6000000000000001, 0.8, 0.4, 0.4, 0.4, 0.4, 0.6000000000000001, 0.4]}