{"train_accuracy": 0.681640625, "val_accuracy": 0.669921875, "test_accuracy": 0.701171875, "in_distro": 0.9692307692307692, "num_in_distro": 520, "out_distro": 0.5100671140939598, "num_out_distro": 3576, "concept_accuracies": [0.1067193675889328, 1.0, 1.0, 0.11790393013100436, 0.1125, 1.0, 1.0, 0.1], "combinations": ["102", "153"], "parameters": {"seed": 44, "encoder_model": "small7", "debugging": false, "dataset_name": "synthetic_object/synthetic_4", "num_concept_combinations": 2}, "adversarial_activations": [1.0, 1.0, 1.0, 1.0, 1.0, 1.0, 1.0, 1.0]}