{"train_accuracy": 0.6787109375, "val_accuracy": 0.6953125, "test_accuracy": 0.70703125, "in_distro": 1.0, "num_in_distro": 464, "out_distro": 0.5176211453744494, "num_out_distro": 3632, "concept_accuracies": [0.9920948616600791, 0.2277992277992278, 0.21201413427561838, 0.9956331877729258, 0.25, 1.0, 1.0, 0.0], "combinations": ["106", "150"], "parameters": {"seed": 42, "encoder_model": "small7", "debugging": false, "dataset_name": "synthetic_object/synthetic_4", "num_concept_combinations": 2}, "adversarial_activations": [0.999999999871735, 1.0, 1.0, 1.0, 1.0, 1.0, 0.4, 0.8]}