{"train_accuracy": 0.7998046875, "val_accuracy": 0.77734375, "test_accuracy": 0.810546875, "in_distro": 0.9849397590361446, "num_in_distro": 1992, "out_distro": 0.8460076045627376, "num_out_distro": 2104, "concept_accuracies": [0.9960474308300395, 0.9922779922779923, 0.7173144876325088, 0.9781659388646288, 0.9958333333333333, 0.6948529411764706, 1.0, 0.9814814814814815], "combinations": ["150", "149", "166", "85", "105", "90", "169", "153"], "parameters": {"seed": 43, "encoder_model": "small7", "debugging": false, "dataset_name": "synthetic_object/synthetic_4", "num_concept_combinations": 8}, "adversarial_activations": [1.0, 1.0, 1.0, 1.0, 1.0, 1.0, 1.0, 1.0]}