{"train_accuracy": 0.69140625, "val_accuracy": 0.666015625, "test_accuracy": 0.705078125, "in_distro": 0.9888211382113821, "num_in_distro": 984, "out_distro": 0.6372107969151671, "num_out_distro": 3112, "concept_accuracies": [0.233201581027668, 1.0, 0.9964664310954063, 0.3406113537117904, 0.6208333333333333, 0.8308823529411765, 0.9958677685950413, 0.5], "combinations": ["106", "150", "102", "105"], "parameters": {"seed": 42, "encoder_model": "small7", "debugging": false, "dataset_name": "synthetic_object/synthetic_4", "num_concept_combinations": 4}, "adversarial_activations": [1.0, 1.0, 1.0, 1.0, 1.0, 1.0, 1.0, 1.0]}