{"train_accuracy": 0.8935546875, "val_accuracy": 0.876953125, "test_accuracy": 0.8515625, "in_distro": 0.982976653696498, "num_in_distro": 2056, "out_distro": 0.8230392156862745, "num_out_distro": 2040, "concept_accuracies": [0.849802371541502, 0.8803088803088803, 0.9964664310954063, 0.6899563318777293, 0.9958333333333333, 0.9852941176470589, 1.0, 0.9814814814814815], "combinations": ["106", "150", "102", "105", "169", "153", "165", "149"], "parameters": {"seed": 42, "encoder_model": "small7", "debugging": false, "dataset_name": "synthetic_object/synthetic_4", "num_concept_combinations": 8}, "adversarial_activations": [1.0, 1.0, 1.0, 1.0, 1.0, 1.0, 1.0, 1.0]}