{"train_accuracy": 0.681640625, "val_accuracy": 0.669921875, "test_accuracy": 0.701171875, "in_distro": 0.8875, "num_in_distro": 480, "out_distro": 0.4485619469026549, "num_out_distro": 3616, "concept_accuracies": [1.0, 0.0, 0.0, 1.0, 0.0, 1.0, 0.0, 0.0], "combinations": ["150", "149"], "parameters": {"seed": 43, "encoder_model": "small7", "debugging": false, "dataset_name": "synthetic_object/synthetic_4", "num_concept_combinations": 2}, "adversarial_activations": [0.8000855088233948, 0.800100714365962, 0.600203301816066, 0.4002488970756531, 0.8000868866921849, 0.8000861287117005, 0.576184219121933, 0.5511160969734192]}