{"train_accuracy": 1.0, "val_accuracy": 1.0, "test_accuracy": 0.986328125, "in_distro": 0.9889896373056994, "num_in_distro": 3088, "out_distro": 0.9146825396825397, "num_out_distro": 1008, "concept_accuracies": [1.0, 0.9922779922779923, 1.0, 0.9781659388646288, 0.9958333333333333, 0.9852941176470589, 1.0, 0.8222222222222222], "combinations": ["106", "150", "102", "105", "169", "153", "165", "149", "86", "89", "166", "170"], "parameters": {"seed": 42, "encoder_model": "small7", "debugging": false, "dataset_name": "synthetic_object/synthetic_4", "num_concept_combinations": 12}, "adversarial_activations": [1.0, 1.0, 1.0, 1.0, 1.0, 1.0, 1.0, 1.0]}