{"train_accuracy": 0.8251953125, "val_accuracy": 0.8125, "test_accuracy": 0.79296875, "in_distro": 0.9908088235294118, "num_in_distro": 2176, "out_distro": 0.990625, "num_out_distro": 1920, "concept_accuracies": [0.9960474308300395, 0.9922779922779923, 1.0, 0.9781659388646288, 0.9958333333333333, 0.9852941176470589, 1.0, 0.9777777777777777], "combinations": ["102", "153", "170", "106", "150", "165", "85", "101"], "parameters": {"seed": 44, "encoder_model": "small7", "debugging": false, "dataset_name": "synthetic_object/synthetic_4", "num_concept_combinations": 8}, "adversarial_activations": [1.0, 1.0, 1.0, 1.0, 1.0, 1.0, 1.0, 1.0]}