{"part_mask": {"27": {"27": [0.06000617519021034, 0.11407516896724701]}, "46": {"46": [0.08122885972261429, 0.13656647503376007], "48": [0.05480865016579628, 0.10254458338022232]}, "48": {"46": [0.0944315642118454, 0.1685629040002823], "48": [0.06623811274766922, 0.11007682979106903], "56": [0.1584688127040863, 0.1402580291032791]}, "56": {"48": [0.0641869530081749, 0.15770427882671356], "56": [0.4671047329902649, 0.3461650013923645]}, "65": {"65": [0.24572068452835083, 0.2554212808609009]}, "75": {"75": [0.06927592307329178, 0.12679380178451538]}, "76": {"76": [0.09769400954246521, 0.18243537843227386]}}, "parameters": {"seed": 43, "concepts": [16, 27, 38, 46, 48, 56, 60, 65, 75, 76], "images_per_mask": 100, "dataset": "coco", "train_variation": "half", "scale_lr": 5.0, "scale_factor": 1.0}, "train_acc": 0.9993002099370188, "val_acc": 0.835195530726257, "test_acc": 0.8353080568720379}