{"part_mask": {"27": {"27": [0.0706288069486618, 0.15168999135494232]}, "46": {"46": [0.07004636526107788, 0.11770161241292953], "48": [0.058157242834568024, 0.09714806079864502]}, "48": {"46": [0.08974839001893997, 0.18033534288406372], "48": [0.06049845367670059, 0.11198897659778595], "56": [0.1604272425174713, 0.17158707976341248]}, "56": {"48": [0.06745295226573944, 0.15855632722377777], "56": [0.3902393579483032, 0.34345731139183044]}, "65": {"65": [0.15901243686676025, 0.19196049869060516]}, "75": {"75": [0.04846092686057091, 0.07814348489046097]}, "76": {"76": [0.08826739341020584, 0.1611347645521164]}}, "parameters": {"seed": 44, "concepts": [16, 27, 38, 46, 48, 56, 60, 65, 75, 76], "images_per_mask": 100, "dataset": "coco", "train_variation": "none", "scale_lr": 1.0, "scale_factor": 1.0}, "train_acc": 1.0, "val_acc": 0.8547486033519553, "test_acc": 0.8364928909952607}