{"part_mask": {"27": {"27": [0.015138547867536545, 0.037594377994537354]}, "46": {"46": [0.014961306005716324, 0.04207251965999603], "48": [0.00266354251652956, 0.0074680643156170845]}, "48": {"46": [0.012933570891618729, 0.04431554675102234], "48": [0.0027551865205168724, 0.019565919414162636], "56": [0.008308015763759613, 0.039468515664339066]}, "56": {"48": [0.009075119160115719, 0.018049782142043114], "56": [0.07848513126373291, 0.06483221799135208]}, "65": {"65": [0.03687695041298866, 0.05217977985739708]}, "75": {"75": [0.01031400915235281, 0.023618469014763832]}, "76": {"76": [0.011050713248550892, 0.022411037236452103]}}, "parameters": {"seed": 42, "concepts": [16, 27, 38, 46, 48, 56, 60, 65, 75, 76], "images_per_mask": 100, "dataset": "coco", "train_variation": "none", "model_type": "probcbm"}, "train_acc": 0.8761371588523443, "val_acc": 0.7960893854748603, "test_acc": 0.8281990521327014}