{"part_mask": {"27": {"27": [0.006297881714999676, 0.017135612666606903]}, "46": {"46": [0.01238073967397213, 0.021602611988782883], "48": [0.011989426799118519, 0.0234413780272007]}, "48": {"46": [0.00701413257047534, 0.017344696447253227], "48": [0.003585448022931814, 0.011794984340667725], "56": [0.004970721434801817, 0.008809997700154781]}, "56": {"48": [0.004161184653639793, 0.005138576962053776], "56": [0.013002336025238037, 0.017621062695980072]}, "65": {"65": [0.006014722399413586, 0.022070271894335747]}, "75": {"75": [0.005983056966215372, 0.018594827502965927]}, "76": {"76": [0.03531297668814659, 0.04276633635163307]}}, "parameters": {"seed": 43, "concepts": [16, 27, 38, 46, 48, 56, 60, 65, 75, 76], "images_per_mask": 100, "dataset": "coco", "train_variation": "none", "model_type": "cem"}, "train_acc": 0.9657102869139258, "val_acc": 0.8379888268156425, "test_acc": 0.8234597156398105}