{"part_mask": {"27": {"27": [0.06788703799247742, 0.12535454332828522]}, "46": {"46": [0.12479357421398163, 0.1801891177892685], "48": [0.05281180515885353, 0.09377621859312057]}, "48": {"46": [0.12466787546873093, 0.20655807852745056], "48": [0.06391116231679916, 0.11004873365163803], "56": [0.14425790309906006, 0.18117544054985046]}, "56": {"48": [0.05990806594491005, 0.1621371954679489], "56": [0.4711195230484009, 0.3779337406158447]}, "65": {"65": [0.20333628356456757, 0.2375926673412323]}, "75": {"75": [0.05372830852866173, 0.08659496158361435]}, "76": {"76": [0.08444421738386154, 0.1615634709596634]}}, "parameters": {"seed": 42, "concepts": [16, 27, 38, 46, 48, 56, 60, 65, 75, 76], "images_per_mask": 100, "dataset": "coco", "train_variation": "half", "scale_lr": 5.0, "scale_factor": 1.0}, "train_acc": 0.9993002099370188, "val_acc": 0.8463687150837989, "test_acc": 0.8483412322274881}