{"part_mask": {"27": {"27": [0.06625468283891678, 0.12603430449962616]}, "46": {"46": [0.07816161215305328, 0.14973291754722595], "48": [0.04472552239894867, 0.1103392168879509]}, "48": {"46": [0.12204370647668839, 0.22642476856708527], "48": [0.05812528729438782, 0.113341324031353], "56": [0.13656549155712128, 0.1861734539270401]}, "56": {"48": [0.06009171903133392, 0.1599292904138565], "56": [0.4786595404148102, 0.366019070148468]}, "65": {"65": [0.20599323511123657, 0.23231059312820435]}, "75": {"75": [0.04884583130478859, 0.06700778752565384]}, "76": {"76": [0.08020585775375366, 0.14487534761428833]}}, "parameters": {"seed": 42, "concepts": [16, 27, 38, 46, 48, 56, 60, 65, 75, 76], "images_per_mask": 100, "dataset": "coco", "train_variation": "none", "scale_lr": 1.0, "scale_factor": 1.0}, "train_acc": 0.9993002099370188, "val_acc": 0.840782122905028, "test_acc": 0.8436018957345972}