{"part_mask": {"27": {"27": [0.08346407115459442, 0.163995623588562]}, "46": {"46": [0.08648312836885452, 0.15575845539569855], "48": [0.0482778400182724, 0.09296578168869019]}, "48": {"46": [0.12255062907934189, 0.1967427283525467], "48": [0.04979530721902847, 0.08722443878650665], "56": [0.14636801183223724, 0.1414085030555725]}, "56": {"48": [0.06026243790984154, 0.15663328766822815], "56": [0.45638155937194824, 0.34546229243278503]}, "65": {"65": [0.22214435040950775, 0.23043295741081238]}, "75": {"75": [0.051932740956544876, 0.09229086339473724]}, "76": {"76": [0.10898890346288681, 0.18935231864452362]}}, "parameters": {"seed": 43, "concepts": [16, 27, 38, 46, 48, 56, 60, 65, 75, 76], "images_per_mask": 100, "dataset": "coco", "train_variation": "loss", "scale_lr": 1.0, "scale_factor": 1.25}, "train_acc": 0.9993002099370188, "val_acc": 0.840782122905028, "test_acc": 0.8341232227488151}