{"part_mask": {"27": {"27": [0.06947989761829376, 0.13293470442295074]}, "46": {"46": [0.08052525669336319, 0.13610447943210602], "48": [0.05921291932463646, 0.11692117154598236]}, "48": {"46": [0.10365039110183716, 0.20288212597370148], "48": [0.053129687905311584, 0.10364799946546555], "56": [0.13686959445476532, 0.18555404245853424]}, "56": {"48": [0.05637815594673157, 0.1358654946088791], "56": [0.44820037484169006, 0.37258508801460266]}, "65": {"65": [0.2002297192811966, 0.22668854892253876]}, "75": {"75": [0.047178830951452255, 0.06735102087259293]}, "76": {"76": [0.0659743919968605, 0.12211699783802032]}}, "parameters": {"seed": 42, "concepts": [16, 27, 38, 46, 48, 56, 60, 65, 75, 76], "images_per_mask": 100, "dataset": "coco", "train_variation": "loss", "scale_lr": 1.0, "scale_factor": 1.25}, "train_acc": 0.9986004198740378, "val_acc": 0.8463687150837989, "test_acc": 0.8518957345971564}