{"part_mask": {"27": {"27": [0.014762145467102528, 0.033430006355047226]}, "46": {"46": [0.006099924445152283, 0.01477850042283535], "48": [0.005023641046136618, 0.016760723665356636]}, "48": {"46": [0.04233327507972717, 0.05535402521491051], "48": [0.02867550402879715, 0.03865450248122215], "56": [0.08763811737298965, 0.0845579281449318]}, "56": {"48": [0.011848574504256248, 0.02213207446038723], "56": [0.016892775893211365, 0.0354025699198246]}, "65": {"65": [0.11297167092561722, 0.10566910356283188]}, "75": {"75": [0.01997372880578041, 0.030917949974536896]}, "76": {"76": [0.03065524250268936, 0.04667898640036583]}}, "parameters": {"seed": 44, "concepts": [16, 27, 38, 46, 48, 56, 60, 65, 75, 76], "images_per_mask": 100, "dataset": "coco", "train_variation": "none", "model_type": "cem"}, "train_acc": 0.986703988803359, "val_acc": 0.8212290502793296, "test_acc": 0.8353080568720379}