{"part_mask": {"27": {"27": [0.05753779038786888, 0.11432581394910812]}, "46": {"46": [0.09426259249448776, 0.1573621779680252], "48": [0.06073983758687973, 0.10007400065660477]}, "48": {"46": [0.10214397311210632, 0.18597660958766937], "48": [0.08477261662483215, 0.13530272245407104], "56": [0.146723672747612, 0.1687135398387909]}, "56": {"48": [0.06344661116600037, 0.13609743118286133], "56": [0.37738150358200073, 0.33514922857284546]}, "65": {"65": [0.16821134090423584, 0.19669587910175323]}, "75": {"75": [0.040625862777233124, 0.06037972494959831]}, "76": {"76": [0.05987172946333885, 0.12560732662677765]}}, "parameters": {"seed": 44, "concepts": [16, 27, 38, 46, 48, 56, 60, 65, 75, 76], "images_per_mask": 100, "dataset": "coco", "train_variation": "half", "scale_lr": 5.0, "scale_factor": 1.0}, "train_acc": 0.9986004198740378, "val_acc": 0.8435754189944135, "test_acc": 0.8412322274881516}