{"part_mask": {"27": {"27": [0.016309745609760284, 0.03239184245467186]}, "46": {"46": [0.014198724180459976, 0.03542393445968628], "48": [0.0033276909962296486, 0.01137307845056057]}, "48": {"46": [0.011814916506409645, 0.047603100538253784], "48": [0.0032352148555219173, 0.01847774162888527], "56": [0.015976881608366966, 0.05350612848997116]}, "56": {"48": [0.009197885170578957, 0.01858697459101677], "56": [0.0850929468870163, 0.07405837625265121]}, "65": {"65": [0.05330758914351463, 0.06379571557044983]}, "75": {"75": [0.00667598145082593, 0.016096321865916252]}, "76": {"76": [0.012778873555362225, 0.026439666748046875]}}, "parameters": {"seed": 44, "concepts": [16, 27, 38, 46, 48, 56, 60, 65, 75, 76], "images_per_mask": 100, "dataset": "coco", "train_variation": "none", "model_type": "probcbm"}, "train_acc": 0.8838348495451365, "val_acc": 0.8324022346368715, "test_acc": 0.8317535545023697}