{"part_mask": {"27": {"27": [0.02074565179646015, 0.02490781433880329]}, "46": {"46": [0.01802344247698784, 0.03859076648950577], "48": [0.01346550602465868, 0.027444157749414444]}, "48": {"46": [0.010772490873932838, 0.020583072677254677], "48": [0.008328408002853394, 0.021361520513892174], "56": [0.015911249443888664, 0.02821975387632847]}, "56": {"48": [0.02684362232685089, 0.030725589022040367], "56": [0.07969174534082413, 0.08357390761375427]}, "65": {"65": [0.017912935465574265, 0.038385212421417236]}, "75": {"75": [0.025151705369353294, 0.029156716540455818]}, "76": {"76": [0.018456503748893738, 0.030608322471380234]}}, "parameters": {"seed": 42, "concepts": [16, 27, 38, 46, 48, 56, 60, 65, 75, 76], "images_per_mask": 100, "dataset": "coco", "train_variation": "none", "model_type": "cem"}, "train_acc": 0.967109867039888, "val_acc": 0.8603351955307262, "test_acc": 0.8495260663507109}