{"part_mask": {"27": {"27": [0.016351839527487755, 0.033791374415159225]}, "46": {"46": [0.014893501065671444, 0.04119648411870003], "48": [0.005576594267040491, 0.01937003619968891]}, "48": {"46": [0.008068293333053589, 0.03365989774465561], "48": [0.008892868645489216, 0.035790372639894485], "56": [0.007335830479860306, 0.03903910890221596]}, "56": {"48": [0.006754191126674414, 0.008548474870622158], "56": [0.03765231743454933, 0.04043000936508179]}, "65": {"65": [0.04498699679970741, 0.07842112332582474]}, "75": {"75": [0.007790378760546446, 0.0179661326110363]}, "76": {"76": [0.012760940939188004, 0.027413850650191307]}}, "parameters": {"seed": 43, "concepts": [16, 27, 38, 46, 48, 56, 60, 65, 75, 76], "images_per_mask": 100, "dataset": "coco", "train_variation": "none", "model_type": "probcbm"}, "train_acc": 0.887333799860042, "val_acc": 0.8379888268156425, "test_acc": 0.8388625592417062}