{"part_mask": {"27": {"27": [0.06122606247663498, 0.09741341322660446]}, "46": {"46": [0.09172482788562775, 0.1467658132314682], "48": [0.05648643523454666, 0.1102970540523529]}, "48": {"46": [0.058998510241508484, 0.13617344200611115], "48": [0.03791489452123642, 0.07864145189523697], "56": [0.12087325006723404, 0.18128474056720734]}, "56": {"48": [0.0704994723200798, 0.16141726076602936], "56": [0.4533482491970062, 0.37045609951019287]}, "65": {"65": [0.24353502690792084, 0.21461962163448334]}, "75": {"75": [0.03986870124936104, 0.0586453378200531]}, "76": {"76": [0.0699874609708786, 0.12174132466316223]}}, "parameters": {"seed": 42, "concepts": [16, 27, 38, 46, 48, 56, 60, 65, 75, 76], "images_per_mask": 100, "dataset": "coco"}, "train_acc": 0.9944016794961511, "val_acc": 0.8547486033519553, "test_acc": 0.8424170616113744}