{"part_mask": {"27": {"27": [0.09751374274492264, 0.18045085668563843]}, "46": {"46": [0.07847820967435837, 0.15093691647052765], "48": [0.06134343147277832, 0.11906447261571884]}, "48": {"46": [0.11923906952142715, 0.19553668797016144], "48": [0.06611444801092148, 0.10465196520090103], "56": [0.1508939117193222, 0.1356593519449234]}, "56": {"48": [0.06652498990297318, 0.15331485867500305], "56": [0.4797506034374237, 0.3664279282093048]}, "65": {"65": [0.2433711588382721, 0.25166988372802734]}, "75": {"75": [0.0509701631963253, 0.08018302172422409]}, "76": {"76": [0.11209595948457718, 0.19756491482257843]}}, "parameters": {"seed": 43, "concepts": [16, 27, 38, 46, 48, 56, 60, 65, 75, 76], "images_per_mask": 100, "dataset": "coco", "train_variation": "none", "scale_lr": 1.0, "scale_factor": 1.0}, "train_acc": 1.0, "val_acc": 0.8463687150837989, "test_acc": 0.8364928909952607}