{"part_mask": {"27": {"27": [0.06145738065242767, 0.12179407477378845]}, "46": {"46": [0.10902589559555054, 0.16432185471057892], "48": [0.04470748081803322, 0.074578195810318]}, "48": {"46": [0.12486466765403748, 0.19920450448989868], "48": [0.06969510018825531, 0.10399187356233597], "56": [0.16708524525165558, 0.18047566711902618]}, "56": {"48": [0.06092505529522896, 0.12416855245828629], "56": [0.36232486367225647, 0.32439908385276794]}, "65": {"65": [0.16649354994297028, 0.1872837096452713]}, "75": {"75": [0.048186466097831726, 0.07873270660638809]}, "76": {"76": [0.08368022739887238, 0.15586741268634796]}}, "parameters": {"seed": 44, "concepts": [16, 27, 38, 46, 48, 56, 60, 65, 75, 76], "images_per_mask": 100, "dataset": "coco", "train_variation": "loss", "scale_lr": 1.0, "scale_factor": 1.25}, "train_acc": 0.9986004198740378, "val_acc": 0.8603351955307262, "test_acc": 0.8353080568720379}