{"part_mask": {"27": {"27": [0.06032257527112961, 0.12235624343156815]}, "46": {"46": [0.11546898633241653, 0.18752039968967438], "48": [0.04850141704082489, 0.10102101415395737]}, "48": {"46": [0.12404827028512955, 0.20577478408813477], "48": [0.04971126466989517, 0.06874240189790726], "56": [0.14321817457675934, 0.14734292030334473]}, "56": {"48": [0.0754287838935852, 0.1612216681241989], "56": [0.38975876569747925, 0.33854007720947266]}, "65": {"65": [0.18713431060314178, 0.214930459856987]}, "75": {"75": [0.056978143751621246, 0.0878535732626915]}, "76": {"76": [0.09935105592012405, 0.17687928676605225]}}, "parameters": {"seed": 44, "concepts": [16, 27, 38, 46, 48, 56, 60, 65, 75, 76], "images_per_mask": 100, "dataset": "coco"}, "train_acc": 1.0, "val_acc": 0.8603351955307262, "test_acc": 0.840047393364929}